{
  "__type__": "cc.AnimationClip",
  "_name": "meteor",
  "_objFlags": 0,
  "_native": "",
  "_duration": 2,
  "sample": 60,
  "speed": 1,
  "wrapMode": 2,
  "curveData": {
    "props": {
      "position": [
        {
          "frame": 0,
          "value": [
            666.245,
            930.446,
            0
          ]
        },
        {
          "frame": 0.5,
          "value": [
            666.245,
            930.446,
            0
          ]
        },
        {
          "frame": 2,
          "value": [
            -969.945,
            -357.394,
            0
          ]
        }
      ]
    }
  },
  "events": []
}