{
  "9836134e-b892-4283-b6b2-78b5acf3ed45": {
    "asset": 1613963506176,
    "meta": 1614145035610,
    "relativePath": "effects"
  },
  "430eccbf-bf2c-4e6e-8c0c-884bbb487f32": {
    "asset": 1613963506171,
    "meta": 1614145035639,
    "relativePath": "effects\\__builtin-editor-gizmo-line.effect"
  },
  "6c5cf6e1-b044-4eac-9431-835644d57381": {
    "asset": 1613963506173,
    "meta": 1614145035657,
    "relativePath": "effects\\__builtin-editor-gizmo-unlit.effect"
  },
  "115286d1-2e10-49ee-aab4-341583f607e8": {
    "asset": 1613963506175,
    "meta": 1614145035687,
    "relativePath": "effects\\__builtin-editor-gizmo.effect"
  },
  "abc2cb62-7852-4525-a90d-d474487b88f2": {
    "asset": 1613963506154,
    "meta": 1614145035762,
    "relativePath": "effects\\builtin-phong.effect"
  },
  "e2f00085-c597-422d-9759-52c360279106": {
    "asset": 1613963506161,
    "meta": 1614145035811,
    "relativePath": "effects\\builtin-toon.effect"
  },
  "f8e6b000-5643-4b86-9080-aa680ce1f599": {
    "asset": 1613963506270,
    "meta": 1614145035821,
    "relativePath": "image"
  },
  "e851e89b-faa2-4484-bea6-5c01dd9f06e2": {
    "asset": 1613963506227,
    "meta": 1614145035873,
    "relativePath": "image\\default_btn_normal.png"
  },
  "71561142-4c83-4933-afca-cb7a17f67053": {
    "asset": 1613963506222,
    "meta": 1614145035876,
    "relativePath": "image\\default_btn_disabled.png"
  },
  "edd215b9-2796-4a05-aaf5-81f96c9281ce": {
    "asset": 1613963506235,
    "meta": 1614145035904,
    "relativePath": "image\\default_editbox_bg.png"
  },
  "b43ff3c2-02bb-4874-81f7-f2dea6970f18": {
    "asset": 1613963506232,
    "meta": 1614145035900,
    "relativePath": "image\\default_btn_pressed.png"
  },
  "d81ec8ad-247c-4e62-aa3c-d35c4193c7af": {
    "asset": 1613963506238,
    "meta": 1614145035921,
    "relativePath": "image\\default_panel.png"
  },
  "99170b0b-d210-46f1-b213-7d9e3f23098a": {
    "asset": 1613963506238,
    "meta": 1614145035919,
    "relativePath": "image\\default_progressbar_bg.png"
  },
  "cfef78f1-c8df-49b7-8ed0-4c953ace2621": {
    "asset": 1613963506238,
    "meta": 1614145035936,
    "relativePath": "image\\default_progressbar.png"
  },
  "567dcd80-8bf4-4535-8a5a-313f1caf078a": {
    "asset": 1613963506238,
    "meta": 1614145035934,
    "relativePath": "image\\default_radio_button_off.png"
  },
  "9d60001f-b5f4-4726-a629-2659e3ded0b8": {
    "asset": 1613963506238,
    "meta": 1614145035950,
    "relativePath": "image\\default_radio_button_on.png"
  },
  "4bab67cb-18e6-4099-b840-355f0473f890": {
    "asset": 1613963506254,
    "meta": 1614145035948,
    "relativePath": "image\\default_scrollbar_bg.png"
  },
  "617323dd-11f4-4dd3-8eec-0caf6b3b45b9": {
    "asset": 1613963506254,
    "meta": 1614145035965,
    "relativePath": "image\\default_scrollbar_vertical_bg.png"
  },
  "d6d3ca85-4681-47c1-b5dd-d036a9d39ea2": {
    "asset": 1613963506254,
    "meta": 1614145035963,
    "relativePath": "image\\default_scrollbar_vertical.png"
  },
  "0275e94c-56a7-410f-bd1a-fc7483f7d14a": {
    "asset": 1613963506254,
    "meta": 1614145035977,
    "relativePath": "image\\default_sprite_splash.png"
  },
  "0291c134-b3da-4098-b7b5-e397edbe947f": {
    "asset": 1613963506238,
    "meta": 1614145035975,
    "relativePath": "image\\default_scrollbar.png"
  },
  "73a0903d-d80e-4e3c-aa67-f999543c08f5": {
    "asset": 1613963506270,
    "meta": 1614145035992,
    "relativePath": "image\\default_toggle_checkmark.png"
  },
  "6e056173-d285-473c-b206-40a7fff5386e": {
    "asset": 1613963506254,
    "meta": 1614145035990,
    "relativePath": "image\\default_sprite.png"
  },
  "c25b9d50-c8fc-4d27-beeb-6e7c1f2e5c0f": {
    "asset": 1613963506270,
    "meta": 1614145036008,
    "relativePath": "image\\default_toggle_disabled.png"
  },
  "d29077ba-1627-4a72-9579-7b56a235340c": {
    "asset": 1613963506270,
    "meta": 1614145036011,
    "relativePath": "image\\default_toggle_normal.png"
  },
  "b181c1e4-0a72-4a91-bfb0-ae6f36ca60bd": {
    "asset": 1613963506270,
    "meta": 1614145036022,
    "relativePath": "image\\default_toggle_pressed.png"
  },
  "5c3eedba-6c41-4c0c-9ba7-d91f813cbd1c": {
    "asset": 1613963506270,
    "meta": 1614145036024,
    "relativePath": "materials"
  },
  "600301aa-3357-4a10-b086-84f011fa32ba": {
    "asset": 1613963506217,
    "meta": 1614145036029,
    "relativePath": "image\\default-particle.png"
  },
  "fc09f9bd-2cce-4605-b630-8145ef809ed6": {
    "asset": 1613963506285,
    "meta": 1614145036031,
    "relativePath": "misc"
  },
  "c4480a0a-6ac5-443f-8b40-361a14257fc8": {
    "asset": 1613963506270,
    "meta": 1614145036572,
    "relativePath": "materials\\builtin-phong.mtl"
  },
  "db019bf7-f71c-4111-98cf-918ea180cb48": {
    "asset": 1613963506301,
    "meta": 1614145036037,
    "relativePath": "model"
  },
  "e39e96e6-6f6e-413f-bcf1-ac7679bb648a": {
    "asset": 1613963506301,
    "meta": 1614145036039,
    "relativePath": "model\\prefab"
  },
  "a87cc147-01b2-43f8-8e42-a7ca90b0c757": {
    "asset": 1613979796336,
    "meta": 1614145036045,
    "relativePath": "model\\prefab\\box.prefab"
  },
  "fe1417b6-fe6b-46a4-ae7c-9fd331f33a2a": {
    "asset": 1613979796345,
    "meta": 1614145036049,
    "relativePath": "model\\prefab\\capsule.prefab"
  },
  "b5fc2cf2-7942-483d-be1f-bbeadc4714ad": {
    "asset": 1613979796351,
    "meta": 1614145036053,
    "relativePath": "model\\prefab\\cone.prefab"
  },
  "2be36297-9abb-4fee-8049-9ed5e271da8a": {
    "asset": 1613963506285,
    "meta": 1614145036059,
    "relativePath": "misc\\default_video.mp4"
  },
  "1c5e4038-953a-44c2-b620-0bbfc6170477": {
    "asset": 1613979796357,
    "meta": 1614145036056,
    "relativePath": "model\\prefab\\cylinder.prefab"
  },
  "3f376125-a699-40ca-ad05-04d662eaa1f2": {
    "asset": 1613979796366,
    "meta": 1614145036062,
    "relativePath": "model\\prefab\\plane.prefab"
  },
  "6c9ef10d-b479-420b-bfe6-39cdda6a8ae0": {
    "asset": 1613979796371,
    "meta": 1614145036065,
    "relativePath": "model\\prefab\\quad.prefab"
  },
  "2d9a4b85-b0ab-4c46-84c5-18f393ab2058": {
    "asset": 1613979796376,
    "meta": 1614145036068,
    "relativePath": "model\\prefab\\sphere.prefab"
  },
  "de510076-056b-484f-b94c-83bef217d0e1": {
    "asset": 1613979796441,
    "meta": 1614145036122,
    "relativePath": "model\\prefab\\torus.prefab"
  },
  "f6e6dd15-71d1-4ffe-ace7-24fd39942c05": {
    "asset": 1613963506316,
    "meta": 1614145036124,
    "relativePath": "obsolete"
  },
  "8a96b965-2dc0-4e03-aa90-3b79cb93b5b4": {
    "asset": 1613963506316,
    "meta": 1614145036136,
    "relativePath": "obsolete\\atom.png"
  },
  "f743d2b6-b7ea-4c14-a55b-547ed4d0a045": {
    "asset": 1613963506335,
    "meta": 1614145036138,
    "relativePath": "particle"
  },
  "b8223619-7e38-47c4-841f-9160c232495a": {
    "asset": 1613963506301,
    "meta": 1614145036598,
    "relativePath": "obsolete\\atom.plist"
  },
  "d0a82d39-bede-46c4-b698-c81ff0dedfff": {
    "asset": 1613963506316,
    "meta": 1614145036149,
    "relativePath": "particle\\atom.png"
  },
  "ae6c6c98-11e4-452f-8758-75f5c6a56e83": {
    "asset": 1613963506393,
    "meta": 1614145036151,
    "relativePath": "prefab"
  },
  "897ef7a1-4860-4f64-968d-f5924b18668a": {
    "asset": 1613979796500,
    "meta": 1614145036155,
    "relativePath": "prefab\\2d-camera.prefab"
  },
  "b2687ac4-099e-403c-a192-ff477686f4f5": {
    "asset": 1613963506316,
    "meta": 1614145036600,
    "relativePath": "particle\\atom.plist"
  },
  "70d7cdb0-04cd-41bb-9480-c06a4785f386": {
    "asset": 1613979796506,
    "meta": 1614145036158,
    "relativePath": "prefab\\3d-camera.prefab"
  },
  "70bbeb73-6dc2-4ee4-8faf-76b3a0e34ec4": {
    "asset": 1613979796513,
    "meta": 1614145036162,
    "relativePath": "prefab\\3d-particle.prefab"
  },
  "ed88f13d-fcad-4848-aa35-65a2cb973584": {
    "asset": 1613979796519,
    "meta": 1614145036166,
    "relativePath": "prefab\\3d-stage.prefab"
  },
  "972b9a4d-47ee-4c74-b5c3-61d8a69bc29f": {
    "asset": 1613979796525,
    "meta": 1614145036169,
    "relativePath": "prefab\\button.prefab"
  },
  "2c937608-2562-40ea-b264-7395df6f0cea": {
    "asset": 1613979796531,
    "meta": 1614145036172,
    "relativePath": "prefab\\canvas.prefab"
  },
  "61aeb05b-3b32-452b-8eed-2b76deeed554": {
    "asset": 1613979796537,
    "meta": 1614145036175,
    "relativePath": "prefab\\editbox.prefab"
  },
  "27756ebb-3d33-44b0-9b96-e858fadd4dd4": {
    "asset": 1613979796542,
    "meta": 1614145036179,
    "relativePath": "prefab\\label.prefab"
  },
  "785a442c-3ceb-45be-a46e-7317f625f3b9": {
    "asset": 1613979796556,
    "meta": 1614145036182,
    "relativePath": "prefab\\layout.prefab"
  },
  "a3ee0214-b432-4865-9666-4a3211814282": {
    "asset": 1613963506362,
    "meta": 1614145036184,
    "relativePath": "prefab\\light"
  },
  "61906da3-7003-4bda-9abc-5769c76faee4": {
    "asset": 1613979796563,
    "meta": 1614145036187,
    "relativePath": "prefab\\light\\ambient.prefab"
  },
  "ddb99b39-7004-47cd-9705-751905c43c46": {
    "asset": 1613979796568,
    "meta": 1614145036190,
    "relativePath": "prefab\\light\\directional.prefab"
  },
  "0cf30284-9073-46bc-9eba-e62b69dbbff3": {
    "asset": 1613979796575,
    "meta": 1614145036200,
    "relativePath": "prefab\\light\\point.prefab"
  },
  "f5331fd2-bf42-4ee3-a3fd-3e1657600eff": {
    "asset": 1613979796581,
    "meta": 1614145036204,
    "relativePath": "prefab\\light\\spot.prefab"
  },
  "ca8401fe-ad6e-41a8-bd46-8e3e4e9945be": {
    "asset": 1613979796593,
    "meta": 1614145036208,
    "relativePath": "prefab\\pageview.prefab"
  },
  "cd33edea-55f5-46c2-958d-357a01384a36": {
    "asset": 1613979796613,
    "meta": 1614145036211,
    "relativePath": "prefab\\particlesystem.prefab"
  },
  "5965ffac-69da-4b55-bcde-9225d0613c28": {
    "asset": 1613979796621,
    "meta": 1614145036221,
    "relativePath": "prefab\\progressBar.prefab"
  },
  "4a37dd57-78cd-4cec-aad4-f11a73d12b63": {
    "asset": 1613979796626,
    "meta": 1614145036239,
    "relativePath": "prefab\\richtext.prefab"
  },
  "32044bd2-481f-4cf1-a656-e2b2fb1594eb": {
    "asset": 1613979796637,
    "meta": 1614145036246,
    "relativePath": "prefab\\scrollview.prefab"
  },
  "0004d1cf-a0ad-47d8-ab17-34d3db9d35a3": {
    "asset": 1613979796657,
    "meta": 1614145036254,
    "relativePath": "prefab\\slider.prefab"
  },
  "1f55e3be-b89b-4b79-88de-47fd31018044": {
    "asset": 1613979796665,
    "meta": 1614145036273,
    "relativePath": "prefab\\sprite_splash.prefab"
  },
  "96083d03-c332-4a3f-9386-d03e2d19e8ee": {
    "asset": 1613979796672,
    "meta": 1614145036281,
    "relativePath": "prefab\\sprite.prefab"
  },
  "7de03a80-4457-438d-95a7-3e7cdffd6086": {
    "asset": 1613979796678,
    "meta": 1614145036286,
    "relativePath": "prefab\\tiledmap.prefab"
  },
  "0e42ba95-1fa1-46aa-b2cf-143cd1bcee2c": {
    "asset": 1613979796684,
    "meta": 1614145036290,
    "relativePath": "prefab\\tiledtile.prefab"
  },
  "0d784963-d024-4ea6-a7db-03be0ad63010": {
    "asset": 1613979796696,
    "meta": 1614145036298,
    "relativePath": "prefab\\toggle.prefab"
  },
  "bf0a434c-84dd-4a8e-a08a-7a36f180cc75": {
    "asset": 1613979796703,
    "meta": 1614145036302,
    "relativePath": "prefab\\toggleContainer.prefab"
  },
  "d1b8be49-b0a0-435c-83b7-552bed4bbe35": {
    "asset": 1613979796708,
    "meta": 1614145036306,
    "relativePath": "prefab\\toggleGroup.prefab"
  },
  "232d2782-c4bd-4bb4-9e01-909f03d6d3b9": {
    "asset": 1613979796714,
    "meta": 1614145036310,
    "relativePath": "prefab\\videoplayer.prefab"
  },
  "8c5001fd-07ee-4a4b-a8a0-63e15195e94d": {
    "asset": 1613979796721,
    "meta": 1614145036329,
    "relativePath": "prefab\\webview.prefab"
  },
  "d8afc78c-4eac-4a9f-83dd-67bc70344d33": {
    "asset": 1613963506433,
    "meta": 1614145036312,
    "relativePath": "resources"
  },
  "294c1663-4adf-4a1e-a795-53808011a38a": {
    "asset": 1613963506433,
    "meta": 1614145036313,
    "relativePath": "resources\\effects"
  },
  "30682f87-9f0d-4f17-8a44-72863791461b": {
    "asset": 1613963506413,
    "meta": 1614145036328,
    "relativePath": "resources\\effects\\builtin-2d-graphics.effect"
  },
  "144c3297-af63-49e8-b8ef-1cfa29b3be28": {
    "asset": 1613963506417,
    "meta": 1614145036342,
    "relativePath": "resources\\effects\\builtin-2d-gray-sprite.effect"
  },
  "f18742d7-56d2-4eb5-ae49-2d9d710b37c8": {
    "asset": 1613963506419,
    "meta": 1614145036358,
    "relativePath": "resources\\effects\\builtin-2d-label.effect"
  },
  "0e93aeaa-0b53-4e40-b8e0-6268b4e07bd7": {
    "asset": 1613963506421,
    "meta": 1614145036372,
    "relativePath": "resources\\effects\\builtin-2d-spine.effect"
  },
  "2874f8dd-416c-4440-81b7-555975426e93": {
    "asset": 1613963506423,
    "meta": 1614145036385,
    "relativePath": "resources\\effects\\builtin-2d-sprite.effect"
  },
  "829a282c-b049-4019-bd38-5ace8d8a6417": {
    "asset": 1613963506426,
    "meta": 1614145036462,
    "relativePath": "resources\\effects\\builtin-3d-particle.effect"
  },
  "2a7c0036-e0b3-4fe1-8998-89a54b8a2bec": {
    "asset": 1613963506429,
    "meta": 1614145036487,
    "relativePath": "resources\\effects\\builtin-3d-trail.effect"
  },
  "c0040c95-c57f-49cd-9cbc-12316b73d0d4": {
    "asset": 1613963506433,
    "meta": 1614145036500,
    "relativePath": "resources\\effects\\builtin-clear-stencil.effect"
  },
  "6d91e591-4ce0-465c-809f-610ec95019c6": {
    "asset": 1613963506433,
    "meta": 1614145036520,
    "relativePath": "resources\\effects\\builtin-unlit.effect"
  },
  "bbee2217-c261-49bd-a8ce-708d6bcc3500": {
    "asset": 1613963506448,
    "meta": 1614145036522,
    "relativePath": "resources\\materials"
  },
  "6f801092-0c37-4f30-89ef-c8d960825b36": {
    "asset": 1613963506433,
    "meta": 1614145036678,
    "relativePath": "resources\\materials\\builtin-2d-base.mtl"
  },
  "a153945d-2511-4c14-be7b-05d242f47d57": {
    "asset": 1613963506433,
    "meta": 1614145036680,
    "relativePath": "resources\\materials\\builtin-2d-graphics.mtl"
  },
  "3a7bb79f-32fd-422e-ada2-96f518fed422": {
    "asset": 1613963506433,
    "meta": 1614145036682,
    "relativePath": "resources\\materials\\builtin-2d-gray-sprite.mtl"
  },
  "e02d87d4-e599-4d16-8001-e14891ac6506": {
    "asset": 1613963506433,
    "meta": 1614145036684,
    "relativePath": "resources\\materials\\builtin-2d-label.mtl"
  },
  "7afd064b-113f-480e-b793-8817d19f63c3": {
    "asset": 1613963506448,
    "meta": 1614145036685,
    "relativePath": "resources\\materials\\builtin-2d-spine.mtl"
  },
  "eca5d2f2-8ef6-41c2-bbe6-f9c79d09c432": {
    "asset": 1613963506448,
    "meta": 1614145036687,
    "relativePath": "resources\\materials\\builtin-2d-sprite.mtl"
  },
  "432fa09c-cf03-4cff-a186-982604408a07": {
    "asset": 1613963506448,
    "meta": 1614145036689,
    "relativePath": "resources\\materials\\builtin-3d-particle.mtl"
  },
  "466d4f9b-e5f4-4ea8-85d5-3c6e9a65658a": {
    "asset": 1613963506448,
    "meta": 1614145036692,
    "relativePath": "resources\\materials\\builtin-3d-trail.mtl"
  },
  "cf7e0bb8-a81c-44a9-ad79-d28d43991032": {
    "asset": 1613963506448,
    "meta": 1614145036694,
    "relativePath": "resources\\materials\\builtin-clear-stencil.mtl"
  },
  "2a296057-247c-4a1c-bbeb-0548b6c98650": {
    "asset": 1613963506448,
    "meta": 1614145036696,
    "relativePath": "resources\\materials\\builtin-unlit.mtl"
  },
  "954fec8b-cd16-4bb9-a3b7-7719660e7558": {
    "asset": 1613963506301,
    "meta": 1614215847154,
    "relativePath": "model\\primitives.fbx"
  },
  "29f52784-2fca-467b-92e7-8fd9ef8c57b7": {
    "asset": 1614135021876,
    "meta": 1614215847272,
    "relativePath": "Scene"
  },
  "4734c20c-0db8-4eb2-92ea-e692f4d70934": {
    "asset": 1614215950689,
    "meta": 1614230647045,
    "relativePath": "Script"
  },
  "7b81d4e8-ec84-4716-968d-500ac1d78a54": {
    "asset": 1614237132379,
    "meta": 1614301333735,
    "relativePath": "Texture"
  },
  "2d2f792f-a40c-49bb-a189-ed176a246e49": {
    "asset": 1614138119873,
    "meta": 1614138119888,
    "relativePath": "Scene\\loading.fire"
  },
  "4c961b00-bc5d-4a84-8a15-a77311f9ebfd": {
    "asset": 1614135173720,
    "meta": 1614215847363,
    "relativePath": "Texture\\loading"
  },
  "3f8f7e9d-8e51-402b-bcd6-166d4a04c72f": {
    "asset": 1614132676197,
    "meta": 1614132715433,
    "relativePath": "Texture\\loading\\圆角矩形 1.png"
  },
  "d7900234-0ae1-4c35-b039-abe18352cb10": {
    "asset": 1614132690467,
    "meta": 1614135173746,
    "relativePath": "Texture\\loading\\bg.jpg"
  },
  "ba1dae86-e6f4-41dc-9a2f-312e9ca85b49": {
    "asset": 1614131738932,
    "meta": 1614132715455,
    "relativePath": "Texture\\loading\\DOG.png"
  },
  "fa27480d-ebe4-444c-bbac-413ba7e94a72": {
    "asset": 1614131720078,
    "meta": 1614132715470,
    "relativePath": "Texture\\loading\\iCloud 备忘录.lnk.jpg"
  },
  "f3525032-4c67-4345-b5ac-71776a695997": {
    "asset": 1614133325943,
    "meta": 1614133372388,
    "relativePath": "Texture\\loading\\bar.png"
  },
  "8545111e-6a2f-498d-9a6c-9b9a7f101416": {
    "asset": 1614133334005,
    "meta": 1614133372390,
    "relativePath": "Texture\\loading\\planet.png"
  },
  "9e6b19a9-222b-41a0-b0ae-d6ce3a89f994": {
    "asset": 1614351990882,
    "meta": 1614351990902,
    "relativePath": "Scene\\main.fire"
  },
  "b8382d41-e494-4228-bc1d-9344fb863732": {
    "asset": 1614325264307,
    "meta": 1614325471437,
    "relativePath": "Texture\\main"
  },
  "16c75de0-416f-4636-9182-dbf5da5f1adc": {
    "asset": 1614215617656,
    "meta": 1614216094426,
    "relativePath": "Texture\\main\\start.png"
  },
  "455d04c0-99c9-465c-8860-aee1b4fe2633": {
    "asset": 1614215715009,
    "meta": 1614217727671,
    "relativePath": "Texture\\main\\cat.png"
  },
  "35e49a68-0f10-40dd-839a-258ac765d61c": {
    "asset": 1614215695240,
    "meta": 1614216006966,
    "relativePath": "Texture\\main\\图层 7.png"
  },
  "f8a9e9b6-e9cf-4135-95fe-9a4308e6581e": {
    "asset": 1614215537871,
    "meta": 1614216006981,
    "relativePath": "Texture\\main\\音乐.png"
  },
  "032df84c-540f-4605-916f-41bd3b5a408c": {
    "asset": 1614215779417,
    "meta": 1614216007002,
    "relativePath": "Texture\\main\\音乐.jpg"
  },
  "130ff6be-a2b1-46fc-9f03-7a31e2c0661d": {
    "asset": 1614215648763,
    "meta": 1614216472963,
    "relativePath": "Texture\\main\\bigStar.png"
  },
  "472b200e-31c8-42ac-8df2-fee0ca52b71d": {
    "asset": 1614216569705,
    "meta": 1614216587005,
    "relativePath": "Texture\\main\\star.png"
  },
  "f00a265a-841a-4080-96ae-78c14a1cd473": {
    "asset": 1614324724591,
    "meta": 1614325471430,
    "relativePath": "Animation"
  },
  "c1d78e51-5394-404b-9aef-ebf720e74add": {
    "asset": 1614216912310,
    "meta": 1614216912317,
    "relativePath": "Animation\\girl.anim"
  },
  "95251345-50b3-4202-9c0e-8b3a84e204e9": {
    "asset": 1614216959623,
    "meta": 1614217028018,
    "relativePath": "Texture\\main\\rightBottom.png"
  },
  "b9bf7857-3f8e-4484-8a60-b95622ea9636": {
    "asset": 1614217064806,
    "meta": 1614217074229,
    "relativePath": "Texture\\main\\Girl.png"
  },
  "dd7cf068-7d81-425e-91cc-85803c63e01c": {
    "asset": 1614217647250,
    "meta": 1614217647259,
    "relativePath": "Animation\\bigStarMove.anim"
  },
  "d77b2366-4c03-43f0-9b17-fdbddf9379b8": {
    "asset": 1614217482423,
    "meta": 1614217482429,
    "relativePath": "Animation\\smallStarMove.anim"
  },
  "010949c5-c823-486b-b6da-bf1869b4f56a": {
    "asset": 1614217582814,
    "meta": 1614217599880,
    "relativePath": "Texture\\main\\title.png"
  },
  "a19a8ee8-ab28-46e4-9a02-46f053f7a0c0": {
    "asset": 1614218064787,
    "meta": 1614218064794,
    "relativePath": "Animation\\cat.anim"
  },
  "763bea86-95de-423e-884e-2b16ba8f9cf4": {
    "asset": 1614218534590,
    "meta": 1614218534597,
    "relativePath": "Animation\\starBtn.anim"
  },
  "ef3c0ba3-8a10-42bf-a34c-f35976810269": {
    "asset": 1614330344433,
    "meta": 1614342019901,
    "relativePath": "Texture\\firstQuestion"
  },
  "0b1e3287-b63d-4dc2-9025-6a5f501a83f8": {
    "asset": 1614225198098,
    "meta": 1614225286742,
    "relativePath": "Texture\\firstQuestion\\b.png"
  },
  "92c34fc5-256a-4e4f-aef2-2ae2fc0f8ea8": {
    "asset": 1614225207326,
    "meta": 1614225286745,
    "relativePath": "Texture\\firstQuestion\\a.png"
  },
  "5b505c7f-a81c-40f4-bb68-985e88565a8b": {
    "asset": 1614223713840,
    "meta": 1614225286799,
    "relativePath": "Texture\\firstQuestion\\c.png"
  },
  "ea9fb863-b212-49c7-a408-7a9d49f234c9": {
    "asset": 1614223822853,
    "meta": 1614225421807,
    "relativePath": "Texture\\firstQuestion\\答题框1bg.jpg"
  },
  "7f3f08ef-d816-4838-818a-b4d315cbf885": {
    "asset": 1614224628851,
    "meta": 1614230798596,
    "relativePath": "Texture\\firstQuestion\\answer2.png"
  },
  "65035340-700f-4967-9e95-2663cce97c8c": {
    "asset": 1614224611024,
    "meta": 1614230798600,
    "relativePath": "Texture\\firstQuestion\\answer1.png"
  },
  "aab90a79-54c0-4f14-ba17-4edc9b67225f": {
    "asset": 1614230879857,
    "meta": 1614231192491,
    "relativePath": "Texture\\firstQuestion\\标题.png"
  },
  "9544a7b5-0ed0-44ee-bfcd-7295a4675240": {
    "asset": 1614330645406,
    "meta": 1614342019906,
    "relativePath": "Texture\\secondQuestion"
  },
  "cd8b7e29-badf-4e01-a648-24ed677b8d1f": {
    "asset": 1614233266079,
    "meta": 1614233921237,
    "relativePath": "Texture\\secondQuestion\\熬过最苦的日子，做最酷的自己。.png"
  },
  "c9d867d5-00ff-4605-b4d0-c21d022ad724": {
    "asset": 1614233275657,
    "meta": 1614233921260,
    "relativePath": "Texture\\secondQuestion\\守护你的成长，拥有破茧成蝶的能量。.png"
  },
  "2d1352cd-edc0-4c26-a30b-a77b3f25ee70": {
    "asset": 1614232450290,
    "meta": 1614233921281,
    "relativePath": "Texture\\secondQuestion\\A.png"
  },
  "6be64413-a702-4bfe-92da-0aac3336aebe": {
    "asset": 1614233893918,
    "meta": 1614233921296,
    "relativePath": "Texture\\secondQuestion\\aaaaaa.jpg"
  },
  "d33c3298-a8cf-4029-876d-d3375a94af9f": {
    "asset": 1614232450376,
    "meta": 1614233921313,
    "relativePath": "Texture\\secondQuestion\\B.png"
  },
  "74ad3b3d-c08e-4ef9-bb09-59bbe940aa99": {
    "asset": 1614233909978,
    "meta": 1614233921341,
    "relativePath": "Texture\\secondQuestion\\aaaaaa2.png"
  },
  "e05ff94d-6ebb-4df2-929b-29edf97e281e": {
    "asset": 1614232450432,
    "meta": 1614233921344,
    "relativePath": "Texture\\secondQuestion\\C.png"
  },
  "8204da07-bde9-4c3e-b3e5-2c76704ded74": {
    "asset": 1614322443533,
    "meta": 1614325471439,
    "relativePath": "Texture\\thirdQuestion"
  },
  "1fc9c06f-91b6-4aca-9a29-0d26cbc9c012": {
    "asset": 1614232796721,
    "meta": 1614234291284,
    "relativePath": "Texture\\thirdQuestion\\波浪.jpg"
  },
  "38bf6e62-45f6-4676-a2be-dc12423660bd": {
    "asset": 1614232706490,
    "meta": 1614234291301,
    "relativePath": "Texture\\thirdQuestion\\你足够优秀了，自然有对的人与你肩并肩。.png"
  },
  "dcbe4b2e-7c88-4e39-9930-b6c4e9525bfb": {
    "asset": 1614232706583,
    "meta": 1614234291304,
    "relativePath": "Texture\\thirdQuestion\\守护你的不将就，拥有收获幸福的能量。.png"
  },
  "7baeb53e-1bee-4d7d-9e74-d7e7281fa137": {
    "asset": 1614232768657,
    "meta": 1614234291332,
    "relativePath": "Texture\\thirdQuestion\\图层 92 拷贝.jpg"
  },
  "190bbb81-1457-4c05-8ed5-4b1a9b8d6022": {
    "asset": 1614331108385,
    "meta": 1614342019904,
    "relativePath": "Texture\\fourthQuestion"
  },
  "5973f01f-a730-4689-a749-321297fab991": {
    "asset": 1614235028252,
    "meta": 1614235637005,
    "relativePath": "Texture\\fourthQuestion\\守护你的柔软，拥有为爱强大的能量。.png"
  },
  "3cbf38a1-7e6f-499f-b963-6c83618d6019": {
    "asset": 1614235028347,
    "meta": 1614235637008,
    "relativePath": "Texture\\fourthQuestion\\妈妈也不必时刻坚强， 记得为自己留出一角治愈脆弱的空间。.png"
  },
  "c1bc9152-3df9-460a-948f-ad36f4ad3b82": {
    "asset": 1614234869273,
    "meta": 1614235637023,
    "relativePath": "Texture\\fourthQuestion\\a.png"
  },
  "f394bccd-1cb8-49a9-8aed-4ac6697b3f37": {
    "asset": 1614234997169,
    "meta": 1614235637050,
    "relativePath": "Texture\\fourthQuestion\\a52.jpg"
  },
  "f049de9b-4a20-4008-a8f8-a22de1efa1c0": {
    "asset": 1614234869349,
    "meta": 1614235637085,
    "relativePath": "Texture\\fourthQuestion\\b.png"
  },
  "82dd0192-6ce8-4ba7-acdd-d91b8d336262": {
    "asset": 1614234950087,
    "meta": 1614235637089,
    "relativePath": "Texture\\fourthQuestion\\a5bg.jpg"
  },
  "0148565b-136a-4fbe-80a6-e8f47e59de6a": {
    "asset": 1614234869220,
    "meta": 1614235637106,
    "relativePath": "Texture\\fourthQuestion\\c.png"
  },
  "a22a0281-cf6d-4fe4-8f92-744cd024fbc7": {
    "asset": 1614327978999,
    "meta": 1614342019900,
    "relativePath": "Texture\\fifthQuestion"
  },
  "95b1a868-2455-4d84-817d-4f85da270860": {
    "asset": 1614232518732,
    "meta": 1614236045386,
    "relativePath": "Texture\\fifthQuestion\\守护你的梦想，拥有通往成功的能量。.png"
  },
  "505bcaac-e06d-45b4-a2b8-c8b27649f87d": {
    "asset": 1614232518674,
    "meta": 1614236045389,
    "relativePath": "Texture\\fifthQuestion\\所谓万丈深渊，也是前程万里。.png"
  },
  "845b923e-cfbb-4401-8573-aa1ca3517b07": {
    "asset": 1614235878295,
    "meta": 1614236045404,
    "relativePath": "Texture\\fifthQuestion\\A.png"
  },
  "3305d4e7-6bb4-4fb6-9338-144e3bb759d2": {
    "asset": 1614235854931,
    "meta": 1614236045428,
    "relativePath": "Texture\\fifthQuestion\\a6.jpg"
  },
  "c4ce18a0-44e5-4b21-99b3-46668a82d38a": {
    "asset": 1614235878341,
    "meta": 1614236045456,
    "relativePath": "Texture\\fifthQuestion\\B.png"
  },
  "012a581a-c9d2-4af0-ab3d-bbb2c4e566bf": {
    "asset": 1614235878427,
    "meta": 1614236045469,
    "relativePath": "Texture\\fifthQuestion\\C.png"
  },
  "be798748-9eb4-46c5-a218-c34642b7bf2f": {
    "asset": 1614236187596,
    "meta": 1614236199410,
    "relativePath": "Texture\\fifthQuestion\\aaaaaaa2.jpg"
  },
  "2953eaab-e516-44ca-946d-0022c6e59216": {
    "asset": 1614324057683,
    "meta": 1614325471434,
    "relativePath": "Texture\\end"
  },
  "8f2bdd21-4149-412b-8e0f-290d8cb45e80": {
    "asset": 1614236896689,
    "meta": 1614237456359,
    "relativePath": "Texture\\end\\look.png"
  },
  "daa8fe53-afdd-4fe2-b397-1b71363b88f8": {
    "asset": 1614236979737,
    "meta": 1614237132436,
    "relativePath": "Texture\\end\\文案.png"
  },
  "1533568c-dfd8-4e47-ab39-0a6452f1cb81": {
    "asset": 1614236880124,
    "meta": 1614237132451,
    "relativePath": "Texture\\end\\bg.jpg.png"
  },
  "226521cb-3530-4b4d-b720-28732b04bf75": {
    "asset": 1614237041317,
    "meta": 1614237132458,
    "relativePath": "Texture\\end\\white cat.png"
  },
  "94fbc38d-0ea2-47f6-b3bc-7404f0c97539": {
    "asset": 1614237299777,
    "meta": 1614237336646,
    "relativePath": "Texture\\end\\矢量智能对象.png"
  },
  "0e3c47f5-95f1-42e6-b51e-45659c636d57": {
    "asset": 1614237380353,
    "meta": 1614237415207,
    "relativePath": "Texture\\end\\test.jpg"
  },
  "d445efea-70b8-4747-8465-915c83f4b17b": {
    "asset": 1614349133553,
    "meta": 1614349133560,
    "relativePath": "Animation\\endCat.anim"
  },
  "8b592022-e447-44c0-9875-61f747843855": {
    "asset": 1614325063090,
    "meta": 1614325063099,
    "relativePath": "Animation\\introduction.anim"
  },
  "9f25ecbc-e29e-4674-91fa-e3bebf77c2a0": {
    "asset": 1614239384584,
    "meta": 1614239429496,
    "relativePath": "Texture\\end\\tips.png"
  },
  "f68589fa-c3c4-411a-9cf3-57708fef08c6": {
    "asset": 1614240170695,
    "meta": 1614240170708,
    "relativePath": "Animation\\tips.anim"
  },
  "8c4891ae-8c31-481c-bc63-ddc278b3320f": {
    "asset": 1614243657269,
    "meta": 1614243834904,
    "relativePath": "Texture\\firstQuestion\\1star.png"
  },
  "d1639c3d-bcca-4ed2-b382-8aca37f68a1f": {
    "asset": 1614243669621,
    "meta": 1614244002061,
    "relativePath": "Texture\\firstQuestion\\1planet.png"
  },
  "7fa4e9ff-c3af-4a09-a6fe-591aab2086f6": {
    "asset": 1614244276350,
    "meta": 1614244290311,
    "relativePath": "Texture\\main\\share.png"
  },
  "835e7f53-53ff-4228-a111-3157da43b223": {
    "asset": 1614244437937,
    "meta": 1614244437945,
    "relativePath": "Animation\\planetMove.anim"
  },
  "f671ddcb-49c1-4bcb-9663-6eb03d143bdd": {
    "asset": 1614245963202,
    "meta": 1614246329353,
    "relativePath": "Texture\\thirdQuestion\\qwww.png"
  },
  "d593159a-624a-493c-8b4f-4e27a5f36857": {
    "asset": 1614246092589,
    "meta": 1614246329356,
    "relativePath": "Texture\\thirdQuestion\\bg.jpg"
  },
  "b8ac51a0-fbac-40fc-acc9-fca0384bdbf5": {
    "asset": 1614245923941,
    "meta": 1614246454787,
    "relativePath": "Texture\\fourthQuestion\\qwww.png"
  },
  "0cbcfcf4-a96b-4f7c-b572-6781573e664c": {
    "asset": 1614245840917,
    "meta": 1614246603956,
    "relativePath": "Texture\\fifthQuestion\\qwww.png"
  },
  "93363f8c-7448-4951-b714-45119ec81a6f": {
    "asset": 1614237333245,
    "meta": 1614302874832,
    "relativePath": "Texture\\end\\bg1.jpg"
  },
  "1c1310d1-66bf-437b-9a11-92540a8febf5": {
    "asset": 1614239820935,
    "meta": 1614303104791,
    "relativePath": "Texture\\end\\endtest.jpg"
  },
  "a485fe8e-6195-43ac-b910-35062f4053bf": {
    "asset": 1614239760935,
    "meta": 1614303151174,
    "relativePath": "Texture\\end\\smallcat.png"
  },
  "614229d8-05bd-42b2-9988-c869fbc208fa": {
    "asset": 1614239610194,
    "meta": 1614303189715,
    "relativePath": "Texture\\end\\again.png"
  },
  "541b4ddf-32d0-475c-b80a-6d67ea8a91f0": {
    "asset": 1614239610270,
    "meta": 1614303189720,
    "relativePath": "Texture\\end\\share.png"
  },
  "1614dcfc-8c6c-435f-b4f3-f25e9ae56155": {
    "asset": 1614239733742,
    "meta": 1614303371104,
    "relativePath": "Texture\\end\\endTitle.png"
  },
  "c6803673-e4d6-4adf-98fd-ce8aa988c018": {
    "asset": 1614246042033,
    "meta": 1614309799183,
    "relativePath": "Texture\\thirdQuestion\\tanQi.png"
  },
  "756977ac-ebef-4d90-bbb0-842edc40daf7": {
    "asset": 1614246071640,
    "meta": 1614309799189,
    "relativePath": "Texture\\thirdQuestion\\talk.png"
  },
  "7b1fe240-97a4-42d5-929e-e90fae1e14fe": {
    "asset": 1614310423510,
    "meta": 1614310567940,
    "relativePath": "Texture\\fourthQuestion\\1balloon.png"
  },
  "28288cf3-bc5f-4057-a0e4-57bd7b1e9936": {
    "asset": 1614310359880,
    "meta": 1614310567971,
    "relativePath": "Texture\\fourthQuestion\\2balloon.png"
  },
  "8d0b7159-c343-465a-93fc-203feed07865": {
    "asset": 1614310384532,
    "meta": 1614310567984,
    "relativePath": "Texture\\fourthQuestion\\threeballoon.png"
  },
  "2239c0a9-28c9-4ab8-b697-c3a0503b18db": {
    "asset": 1614310416691,
    "meta": 1614310568002,
    "relativePath": "Texture\\fourthQuestion\\water planet ballon.png"
  },
  "6e9c1cec-8a79-4b4a-abad-aa6f5408d5df": {
    "asset": 1614310733778,
    "meta": 1614310807864,
    "relativePath": "Texture\\fourthQuestion\\mom.png"
  },
  "6d1a271c-289f-4319-8e93-07780a95080b": {
    "asset": 1614310719265,
    "meta": 1614310807893,
    "relativePath": "Texture\\fourthQuestion\\qian.png"
  },
  "87720c60-b608-438c-869d-e10ed505190b": {
    "asset": 1614311063745,
    "meta": 1614311063754,
    "relativePath": "Animation\\balloon1.anim"
  },
  "ebee07df-cb15-4dcf-a72a-b12bd4264691": {
    "asset": 1614311390621,
    "meta": 1614311390629,
    "relativePath": "Animation\\balloon2.anim"
  },
  "d310fc22-cc7d-4387-9f6a-fac1c316ac96": {
    "asset": 1614311451723,
    "meta": 1614311451728,
    "relativePath": "Animation\\balloon3.anim"
  },
  "899e3e7f-bbd1-4c3e-89bc-80d34dc887f1": {
    "asset": 1614311557233,
    "meta": 1614311557241,
    "relativePath": "Animation\\balloon4.anim"
  },
  "f7abe37d-6c51-4aa9-a78c-b015ccece504": {
    "asset": 1614311768881,
    "meta": 1614311799501,
    "relativePath": "Texture\\secondQuestion\\butterfly.png"
  },
  "2aeca74e-b835-4a56-bc9b-d7459e6813dd": {
    "asset": 1614348201221,
    "meta": 1614348201229,
    "relativePath": "Animation\\butterfly.anim"
  },
  "89c5baa7-d813-44c5-b507-eb1e238dc895": {
    "asset": 1614319186874,
    "meta": 1614319398951,
    "relativePath": "Texture\\firstQuestion\\ligthStar.png"
  },
  "4bc10c51-14d3-478e-93bf-9b3a23754606": {
    "asset": 1614319206006,
    "meta": 1614319398971,
    "relativePath": "Texture\\firstQuestion\\wave.png"
  },
  "ccedea7f-3625-4e62-a326-23b798335ef2": {
    "asset": 1614322061254,
    "meta": 1614322096560,
    "relativePath": "Texture\\secondQuestion\\蝴蝶111.jpg"
  },
  "9d27c638-e2fb-4792-852a-201ccd89fedb": {
    "asset": 1614322027794,
    "meta": 1614322121726,
    "relativePath": "Texture\\secondQuestion\\star.png"
  },
  "863b5d75-b7e1-43a1-aaea-2f433d3c9e80": {
    "asset": 1614232677557,
    "meta": 1614322443557,
    "relativePath": "Texture\\thirdQuestion\\heart1.png"
  },
  "676759f5-daf6-45af-88c5-99b661a8bf87": {
    "asset": 1614320965337,
    "meta": 1614322443580,
    "relativePath": "Texture\\thirdQuestion\\heart2.png"
  },
  "3a634224-2d43-4b93-aaf0-2c6c14e10dbd": {
    "asset": 1614320970974,
    "meta": 1614322443595,
    "relativePath": "Texture\\thirdQuestion\\heart3.png"
  },
  "54705db6-3e2e-4b11-a458-f421bbb81a14": {
    "asset": 1614320978308,
    "meta": 1614322443597,
    "relativePath": "Texture\\thirdQuestion\\heart4.png"
  },
  "300f1760-0a3c-4f34-875c-e3a5b4fe0eab": {
    "asset": 1614322646847,
    "meta": 1614325471432,
    "relativePath": "Animation\\third"
  },
  "931af418-3a13-4bac-80c9-c9c1d929d20e": {
    "asset": 1614322745251,
    "meta": 1614322745259,
    "relativePath": "Animation\\third\\heart1.anim"
  },
  "e200bc5f-5a03-4ed1-8f2b-a4e8b097771f": {
    "asset": 1614322784143,
    "meta": 1614322784152,
    "relativePath": "Animation\\third\\heart2.anim"
  },
  "d0b86a8e-78c4-43e6-82fc-846346952cc6": {
    "asset": 1614322824919,
    "meta": 1614322824925,
    "relativePath": "Animation\\third\\heart3.anim"
  },
  "da858de5-fbce-4ea2-b833-d8dbfbc6620e": {
    "asset": 1614322897674,
    "meta": 1614322897683,
    "relativePath": "Animation\\third\\heart4.anim"
  },
  "d61a858e-9c57-4c29-b4e3-cf7fe9d8b9b9": {
    "asset": 1614323097085,
    "meta": 1614323175329,
    "relativePath": "Texture\\fifthQuestion\\constellation2.png"
  },
  "7cdafa42-da1c-4710-a8d9-c586b5ed929b": {
    "asset": 1614323124527,
    "meta": 1614323175333,
    "relativePath": "Texture\\fifthQuestion\\constellation1.png"
  },
  "c52f4dd8-a5dd-4bee-be54-b1eb4e0b1f88": {
    "asset": 1614323110231,
    "meta": 1614323175352,
    "relativePath": "Texture\\fifthQuestion\\constellation3.png"
  },
  "f444f95a-0fe2-4834-b74f-f8b970ede03d": {
    "asset": 1614321679822,
    "meta": 1614324057701,
    "relativePath": "Texture\\end\\text1.png"
  },
  "d2bfbb59-d86f-4812-9c99-b5230107eca1": {
    "asset": 1614321693374,
    "meta": 1614324057705,
    "relativePath": "Texture\\end\\text2.png"
  },
  "f6d7317e-772d-419b-adac-57765599cdd1": {
    "asset": 1614321717543,
    "meta": 1614324057717,
    "relativePath": "Texture\\end\\text4.png"
  },
  "e8128a99-8bdd-472e-a1c3-824fbfb96c4b": {
    "asset": 1614321706300,
    "meta": 1614324057719,
    "relativePath": "Texture\\end\\text3.png"
  },
  "0f3de892-ff35-4219-9396-e7234c2a49ec": {
    "asset": 1614322235456,
    "meta": 1614324679891,
    "relativePath": "Texture\\main\\1.png"
  },
  "bc5e254f-551c-4455-b752-80492a5d650d": {
    "asset": 1614324816293,
    "meta": 1614324816300,
    "relativePath": "Animation\\meteor.anim"
  },
  "d27847bc-de27-48e7-b6ed-e3697819d84d": {
    "asset": 1612661439618,
    "meta": 1614325289224,
    "relativePath": "Texture\\main\\toast.png"
  },
  "0f95b48f-ded4-46c4-9f12-1737d563678b": {
    "asset": 1614326767171,
    "meta": 1614326924522,
    "relativePath": "Texture\\fourthQuestion\\starBg2.png"
  },
  "d6ef7ec7-9544-4ac8-a48d-b92dee4a25d2": {
    "asset": 1614326763174,
    "meta": 1614326924528,
    "relativePath": "Texture\\fourthQuestion\\starBg1.png"
  },
  "d377246f-1976-4fe9-9131-3e72b7783c61": {
    "asset": 1614326759372,
    "meta": 1614326924545,
    "relativePath": "Texture\\fourthQuestion\\starBg3.png"
  },
  "b120c049-f69b-46e2-a7ff-483053582575": {
    "asset": 1614327242625,
    "meta": 1614327317541,
    "relativePath": "Texture\\fourthQuestion\\a555.jpg"
  },
  "fae7cab9-6215-4705-89bb-108b02327728": {
    "asset": 1614327516105,
    "meta": 1614327534359,
    "relativePath": "Texture\\fifthQuestion\\a9999.jpg"
  },
  "a2900e72-8c32-417d-8e5e-43dd6b6f7b43": {
    "asset": 1614327939192,
    "meta": 1614327979023,
    "relativePath": "Texture\\fifthQuestion\\02.png"
  },
  "246c8f95-80eb-41b6-9a98-5973a10ea472": {
    "asset": 1614327947052,
    "meta": 1614327979025,
    "relativePath": "Texture\\fifthQuestion\\01.png"
  },
  "60d56996-9e87-454c-9384-54f0c133d39d": {
    "asset": 1614328122741,
    "meta": 1614328144810,
    "relativePath": "Texture\\fifthQuestion\\a6a.jpg"
  },
  "6abb5253-010b-4e7c-b545-1e2aeb44d215": {
    "asset": 1614328988386,
    "meta": 1614329102796,
    "relativePath": "Texture\\firstQuestion\\light.png"
  },
  "c5a94729-159c-46b9-9ef4-a3fb01204463": {
    "asset": 1614329063599,
    "meta": 1614329102804,
    "relativePath": "Texture\\firstQuestion\\answerBg.jpg"
  },
  "1604e49c-4aa8-4fd8-9e8f-6750df28bd8c": {
    "asset": 1614329545472,
    "meta": 1614329853060,
    "relativePath": "Texture\\firstQuestion\\yingYuan.png"
  },
  "eab58913-6ac9-4515-a877-2ea8d755f2ea": {
    "asset": 1614330302160,
    "meta": 1614330344457,
    "relativePath": "Texture\\firstQuestion\\questionBg.jpg"
  },
  "983a20d8-38d2-43dc-82b6-4b4833ae9519": {
    "asset": 1614330241177,
    "meta": 1614330344467,
    "relativePath": "Texture\\firstQuestion\\human.png"
  },
  "34990968-1290-4070-a012-13370543b024": {
    "asset": 1614330244832,
    "meta": 1614330344488,
    "relativePath": "Texture\\firstQuestion\\humans.png"
  },
  "85e8bf4b-93cb-4157-8ac3-98951deaf90d": {
    "asset": 1614330572443,
    "meta": 1614330592045,
    "relativePath": "Texture\\secondQuestion\\q2.jpg"
  },
  "ec6fe805-e8ad-4b86-ac55-dbed7609d6dc": {
    "asset": 1614330531824,
    "meta": 1614330645438,
    "relativePath": "Texture\\secondQuestion\\smallStar.png"
  },
  "9a843f47-5bc5-44a3-bea8-1e1d170d89dc": {
    "asset": 1614331018664,
    "meta": 1614331048949,
    "relativePath": "Texture\\fourthQuestion\\a5.png.jpg"
  },
  "634f7d3e-3b6c-465b-9ab7-bd48feb8162f": {
    "asset": 1614330958739,
    "meta": 1614331108409,
    "relativePath": "Texture\\fourthQuestion\\moreStar.png"
  },
  "e1b90feb-a217-4493-849d-9a611900d683": {
    "asset": 1614333015697,
    "meta": 1614342019775,
    "relativePath": "Script\\loading.ts"
  },
  "aa36cc4f-d4a2-47a0-bb83-3f0a834cac58": {
    "asset": 1614342164401,
    "meta": 1614342186365,
    "relativePath": "Texture\\firstQuestion\\1texdbg.png"
  },
  "612dd906-9b84-48da-be7d-b464a08966fd": {
    "asset": 1614342289170,
    "meta": 1614342317507,
    "relativePath": "Texture\\end\\1.png"
  },
  "29ed1f05-1bcc-47a5-89d8-23dcac7e46f4": {
    "asset": 1614342289236,
    "meta": 1614342317509,
    "relativePath": "Texture\\end\\2.png"
  },
  "11e503a5-779d-4d1f-a3f7-e3d3420eb676": {
    "asset": 1614342289070,
    "meta": 1614342317521,
    "relativePath": "Texture\\end\\3.png"
  },
  "02b7552f-f66d-449f-990f-43521f2f0852": {
    "asset": 1614342288998,
    "meta": 1614342317523,
    "relativePath": "Texture\\end\\4.png"
  },
  "3f3b6f80-9a14-4196-9da1-908a9b9dad51": {
    "asset": 1614342238727,
    "meta": 1614342317543,
    "relativePath": "Texture\\secondQuestion\\qwww.png"
  },
  "7420527c-ef29-48b3-a1a9-ff7bc4239ab8": {
    "asset": 1614342462384,
    "meta": 1614342499078,
    "relativePath": "Texture\\thirdQuestion\\a.png"
  },
  "4d6e07d0-531a-483e-9268-dbcc98a9fa0f": {
    "asset": 1614342462318,
    "meta": 1614342499081,
    "relativePath": "Texture\\thirdQuestion\\b.png"
  },
  "93cfe75c-8363-4561-b264-6ff8994fe42e": {
    "asset": 1614342462468,
    "meta": 1614342499094,
    "relativePath": "Texture\\thirdQuestion\\c.png"
  },
  "2410ea83-d853-4f67-a837-7a5fe3eb732b": {
    "asset": 1614347158641,
    "meta": 1614347184411,
    "relativePath": "Texture\\thirdQuestion\\answerBg.jpg"
  },
  "c3c06999-483f-49d2-bdd4-8a8d5dec1359": {
    "asset": 1614347507608,
    "meta": 1614347507615,
    "relativePath": "Animation\\starBtn2.anim"
  },
  "4e605c4d-d0b2-4767-89a4-bb63a82e5414": {
    "asset": 1614348063889,
    "meta": 1614348114489,
    "relativePath": "Texture\\end\\tao.png"
  },
  "49bc5b31-4188-4f0c-a4ea-4c68da931058": {
    "asset": 1614348419364,
    "meta": 1614348555782,
    "relativePath": "Texture\\main\\blackCat.png"
  },
  "42c95e35-0b4e-45f9-a08f-2d623df66bcf": {
    "asset": 1614348485422,
    "meta": 1614348555793,
    "relativePath": "Texture\\main\\bg.jpg"
  },
  "bdd34889-bd0f-41b8-acc9-cbe000e5d951": {
    "asset": 1614348776873,
    "meta": 1614348776880,
    "relativePath": "Animation\\blackCat.anim"
  },
  "ba9ab33f-748f-43c1-a40c-b1542cb2c1cf": {
    "asset": 1614348816640,
    "meta": 1614348949887,
    "relativePath": "Texture\\end\\purple cat.png"
  },
  "db2650ab-91b4-454d-b6d6-1887278e26ea": {
    "asset": 1614349225736,
    "meta": 1614349225747,
    "relativePath": "Animation\\endBlackCat.anim"
  },
  "a5a3526c-8607-41a6-8562-ddc052494f51": {
    "asset": 1614349266727,
    "meta": 1614349266729,
    "relativePath": "Audio"
  },
  "93c4fd13-f94d-49c9-86f4-53e33365cd43": {
    "asset": 1614349305271,
    "meta": 1614349322334,
    "relativePath": "Audio\\but_sound.mp3"
  },
  "e3da0d4c-3208-47ab-835b-a640aff4f3fb": {
    "asset": 1614351139186,
    "meta": 1614351162101,
    "relativePath": "Texture\\end\\jieguo.jpg"
  },
  "6f8a04c5-d9fd-4a1d-8fae-8ec1d2c54c7e": {
    "asset": 1614351270987,
    "meta": 1614351272209,
    "relativePath": "Script\\main.ts"
  }
}