{
  "version": "1.1.1",
  "windows": {
    "main": {
      "main": true,
      "url": "app://editor/index.html",
      "windowType": "dockable",
      "x": -8,
      "y": -8,
      "width": 1936,
      "height": 1056,
      "layout": {
        "children": [
          {
            "children": [
              {
                "children": [
                  {
                    "active": 0,
                    "children": [
                      "hierarchy"
                    ],
                    "height": 539.609375,
                    "type": "panel",
                    "width": 392.671875
                  },
                  {
                    "active": 0,
                    "children": [
                      "assets",
                      "cloud-function"
                    ],
                    "height": 539.609375,
                    "type": "panel",
                    "width": 391.6875
                  }
                ],
                "height": 539.609375,
                "type": "dock-h",
                "width": 787.359375
              },
              {
                "active": 0,
                "children": [
                  "timeline"
                ],
                "height": 379.390625,
                "type": "panel",
                "width": 787.359375
              }
            ],
            "height": 922,
            "type": "dock-v",
            "width": 787.359375
          },
          {
            "active": 0,
            "children": [
              "scene"
            ],
            "height": 922,
            "type": "panel",
            "width": 638.609375
          },
          {
            "children": [
              {
                "active": 0,
                "children": [
                  "inspector",
                  "cocos-services"
                ],
                "height": 622.171875,
                "type": "panel",
                "width": 472.015625
              },
              {
                "active": 0,
                "children": [
                  "console",
                  "game-window"
                ],
                "height": 296.828125,
                "type": "panel",
                "width": 472.015625
              }
            ],
            "height": 922,
            "type": "dock-v",
            "width": 472.015625
          }
        ],
        "type": "dock-h"
      },
      "panels": [
        "hierarchy",
        "assets",
        "cloud-function",
        "timeline",
        "scene",
        "inspector",
        "cocos-services",
        "console",
        "game-window"
      ]
    }
  },
  "panels": {
    "sprite-editor": {
      "x": 702,
      "y": 240,
      "width": 516,
      "height": 539
    },
    "builder": {
      "x": 471,
      "y": 166,
      "width": 516,
      "height": 739
    },
    "project-settings": {
      "x": 672,
      "y": 240,
      "width": 600,
      "height": 565
    },
    "ccc-png-auto-compress": {
      "x": 707,
      "y": 245,
      "width": 506,
      "height": 549
    }
  },
  "panelLabelWidth": {
    "inspector": null,
    "ccc-png-auto-compress": null,
    "builder": null
  }
}
