{
  "__type__": "cc.AnimationClip",
  "_name": "balloon2",
  "_objFlags": 0,
  "_native": "",
  "_duration": 1.6666666666666667,
  "sample": 60,
  "speed": 1,
  "wrapMode": 2,
  "curveData": {
    "props": {
      "y": [
        {
          "frame": 0,
          "value": 444.414
        },
        {
          "frame": 0.5833333333333334,
          "value": 451.414
        },
        {
          "frame": 1.0833333333333333,
          "value": 439.5958181818182
        },
        {
          "frame": 1.6666666666666667,
          "value": 444.414
        }
      ]
    }
  },
  "events": []
}