{
  "__type__": "cc.AnimationClip",
  "_name": "woman",
  "_objFlags": 0,
  "_native": "",
  "_duration": 1.35,
  "sample": 60,
  "speed": 1,
  "wrapMode": 2,
  "curveData": {
    "comps": {
      "cc.Sprite": {
        "spriteFrame": [
          {
            "frame": 0,
            "value": {
              "__uuid__": "41edd97b-e4ba-4f00-ad26-a25ae4d98d69"
            }
          },
          {
            "frame": 0.6666666666666666,
            "value": {
              "__uuid__": "251b0d75-ece8-4095-b5b6-7578b63f86d7"
            }
          },
          {
            "frame": 1.3333333333333333,
            "value": {
              "__uuid__": "41edd97b-e4ba-4f00-ad26-a25ae4d98d69"
            }
          }
        ]
      }
    }
  },
  "events": []
}