{
  "__type__": "cc.AnimationClip",
  "_name": "fc",
  "_objFlags": 0,
  "_native": "",
  "_duration": 3.4166666666666665,
  "sample": 60,
  "speed": 1,
  "wrapMode": 2,
  "curveData": {
    "paths": {
      "daFC": {
        "props": {
          "angle": [
            {
              "frame": 0,
              "value": 0
            },
            {
              "frame": 3.4166666666666665,
              "value": 360
            }
          ]
        }
      },
      "xiaoFC": {
        "props": {
          "angle": [
            {
              "frame": 0,
              "value": 0
            },
            {
              "frame": 3.4166666666666665,
              "value": 360
            }
          ]
        }
      },
      "plant": {
        "props": {
          "position": [
            {
              "frame": 0,
              "value": [
                -47,
                -1835,
                0
              ]
            },
            {
              "frame": 2,
              "value": [
                505,
                -677,
                0
              ]
            }
          ]
        }
      }
    }
  },
  "events": []
}