{
  "__type__": "cc.AnimationClip",
  "_name": "endCat",
  "_objFlags": 0,
  "_native": "",
  "_duration": 2,
  "sample": 60,
  "speed": 1,
  "wrapMode": 2,
  "curveData": {
    "props": {
      "y": [
        {
          "frame": 0,
          "value": 435.536
        },
        {
          "frame": 0.6666666666666666,
          "value": 444.536
        },
        {
          "frame": 1.3333333333333333,
          "value": 429.536
        },
        {
          "frame": 2,
          "value": 435.536
        }
      ]
    }
  },
  "events": []
}