{
  "__type__": "cc.AnimationClip",
  "_name": "smallStarMove",
  "_objFlags": 0,
  "_native": "",
  "_duration": 2.75,
  "sample": 60,
  "speed": 1,
  "wrapMode": 2,
  "curveData": {
    "props": {
      "position": [
        {
          "frame": 0,
          "value": [
            635.156,
            1056.672,
            0
          ]
        },
        {
          "frame": 2.75,
          "value": [
            -825.263,
            -161.625,
            0
          ]
        }
      ]
    }
  },
  "events": []
}