{
  "__type__": "sp.SkeletonData",
  "_name": "3",
  "_objFlags": 0,
  "_native": "",
  "_skeletonJson": {
    "skeleton": {
      "hash": "WyYn1ikKWeGa538AnrfbSv7hu6o",
      "spine": "3.8.97",
      "images": "",
      "audio": "C:/Users/Administrator/Desktop/3"
    },
    "bones": [
      {
        "name": "root"
      },
      {
        "name": "bone",
        "parent": "root",
        "length": 62.08,
        "rotation": 93.07,
        "x": 113.96,
        "y": 5.26
      }
    ],
    "slots": [
      {
        "name": "3",
        "bone": "bone"
      }
    ],
    "skins": [
      {
        "name": "default",
        "attachments": {
          "3": {
            "3": {
              "type": "mesh",
              "uvs": [
                0,
                0.89241,
                0.16368,
                0.82864,
                0.4279,
                0.77337,
                0.58311,
                0.66178,
                0.83532,
                0.60014,
                0.85565,
                0.42053,
                0.96243,
                0.00665,
                1,
                0.00878,
                1,
                0.25215,
                1,
                0.44983,
                1,
                0.59968,
                1,
                0.74209,
                1,
                0.88233,
                1,
                1,
                0.88418,
                1,
                0.73403,
                1,
                0.59822,
                1,
                0.47627,
                1,
                0.35524,
                1,
                0.24069,
                1,
                0.12243,
                1,
                0,
                0.96377,
                0.93758,
                0.96164,
                0.8027,
                0.95952,
                0.66781,
                0.97333,
                0.51999,
                0.96589,
                0.40451,
                0.97971,
                0.28903,
                0.97227,
                0.168,
                0.9829,
                0.97084,
                0.81817,
                0.97638,
                0.68213,
                0.98435,
                0.53353,
                0.69731,
                0.74025,
                0.78039,
                0.79715
              ],
              "triangles": [
                6,
                7,
                8,
                5,
                6,
                8,
                5,
                8,
                9,
                31,
                5,
                9,
                31,
                9,
                10,
                4,
                5,
                31,
                4,
                31,
                10,
                30,
                4,
                10,
                32,
                3,
                4,
                30,
                10,
                11,
                33,
                32,
                4,
                33,
                4,
                30,
                29,
                33,
                30,
                11,
                29,
                30,
                29,
                11,
                12,
                23,
                33,
                29,
                22,
                23,
                29,
                12,
                22,
                29,
                0,
                20,
                21,
                25,
                2,
                3,
                25,
                3,
                32,
                27,
                1,
                2,
                26,
                27,
                2,
                24,
                25,
                32,
                24,
                32,
                33,
                24,
                33,
                23,
                25,
                26,
                2,
                19,
                28,
                1,
                1,
                20,
                0,
                1,
                28,
                20,
                27,
                19,
                1,
                20,
                28,
                19,
                18,
                27,
                26,
                19,
                27,
                18,
                17,
                26,
                25,
                18,
                26,
                17,
                16,
                25,
                24,
                17,
                25,
                16,
                15,
                24,
                23,
                16,
                24,
                15,
                14,
                23,
                22,
                15,
                23,
                14,
                22,
                12,
                13,
                14,
                22,
                13
              ],
              "vertices": [
                100.87,
                603.48,
                137.59,
                472.35,
                164.25,
                262.41,
                234.04,
                136.2,
                265.57,
                -64.52,
                387.57,
                -87.1,
                666.17,
                -186.29,
                663.14,
                -215.77,
                496.66,
                -206.85,
                361.45,
                -199.61,
                258.95,
                -194.12,
                161.54,
                -188.9,
                65.61,
                -183.76,
                -14.88,
                -179.45,
                -10,
                -88.32,
                -3.67,
                29.84,
                2.06,
                136.7,
                7.2,
                232.66,
                12.3,
                327.89,
                17.13,
                418.03,
                22.11,
                511.08,
                52.06,
                606.09,
                13.99,
                -131.74,
                21.13,
                -25.68,
                17.36,
                80.96,
                28.68,
                197,
                24.1,
                288.38,
                34.06,
                378.97,
                31.89,
                474.6,
                110.73,
                -163.17,
                203.54,
                -172.51,
                304.86,
                -184.23,
                175.55,
                49.21,
                133.13,
                -14.08
              ],
              "hull": 22,
              "edges": [
                0,
                2,
                2,
                4,
                4,
                6,
                6,
                8,
                8,
                10,
                10,
                12,
                12,
                14,
                14,
                16,
                16,
                18,
                18,
                20,
                20,
                22,
                22,
                24,
                24,
                26,
                26,
                28,
                28,
                30,
                30,
                32,
                32,
                34,
                34,
                36,
                36,
                38,
                38,
                40,
                40,
                42,
                0,
                42
              ],
              "width": 788,
              "height": 685
            }
          }
        }
      }
    ],
    "animations": {
      "animation": {
        "slots": {
          "3": {
            "attachment": [
              {
                "name": "3"
              },
              {
                "time": 0.9667,
                "name": "3"
              },
              {
                "time": 1.9333,
                "name": "3"
              },
              {
                "time": 2.8333,
                "name": "3"
              },
              {
                "time": 3.8333,
                "name": "3"
              }
            ]
          }
        },
        "bones": {
          "bone": {
            "rotate": [
              {
                "curve": "stepped"
              },
              {
                "time": 0.9667,
                "curve": "stepped"
              },
              {
                "time": 1.9333,
                "curve": "stepped"
              },
              {
                "time": 2.8333,
                "curve": "stepped"
              },
              {
                "time": 3.8333
              }
            ],
            "translate": [
              {
                "curve": "stepped"
              },
              {
                "time": 0.9667,
                "curve": "stepped"
              },
              {
                "time": 1.9333,
                "curve": "stepped"
              },
              {
                "time": 2.8333,
                "curve": "stepped"
              },
              {
                "time": 3.8333
              }
            ],
            "scale": [
              {
                "curve": "stepped"
              },
              {
                "time": 0.9667,
                "curve": "stepped"
              },
              {
                "time": 1.9333,
                "curve": "stepped"
              },
              {
                "time": 2.8333,
                "curve": "stepped"
              },
              {
                "time": 3.8333
              }
            ],
            "shear": [
              {
                "curve": "stepped"
              },
              {
                "time": 0.9667,
                "curve": "stepped"
              },
              {
                "time": 1.9333,
                "curve": "stepped"
              },
              {
                "time": 2.8333,
                "curve": "stepped"
              },
              {
                "time": 3.8333
              }
            ]
          }
        },
        "deform": {
          "default": {
            "3": {
              "3": [
                {},
                {
                  "time": 0.9667,
                  "vertices": [
                    -9.93868,
                    9.00262,
                    -8.32829,
                    13.86351,
                    -6.04529,
                    13.28046,
                    -4.63879,
                    3.77468,
                    -1.97419,
                    6.7424,
                    -0.63121,
                    1.26761,
                    -3.5691,
                    7.10309,
                    0,
                    0,
                    1.9693,
                    -0.10549,
                    1.9693,
                    -0.10549,
                    1.9693,
                    -0.10549,
                    0.98459,
                    -0.05274,
                    0.98459,
                    -0.05274,
                    0,
                    0,
                    0,
                    0,
                    0,
                    0,
                    0,
                    0,
                    0,
                    0,
                    0,
                    0,
                    0,
                    0,
                    0,
                    0,
                    -3.36094,
                    3.02821,
                    0.70691,
                    -0.78694,
                    -0.62689,
                    2.28082,
                    0.04001,
                    0.74693,
                    0.82696,
                    1.45387,
                    0.11608,
                    2.1669,
                    -0.677,
                    -0.03792,
                    1.45384,
                    -0.82692,
                    3.05487,
                    2.42004,
                    1.9693,
                    -0.10549,
                    1.9693,
                    -0.10549,
                    -1.26437,
                    3.72797,
                    0.035,
                    0.65305
                  ]
                },
                {
                  "time": 1.9333,
                  "vertices": [
                    -18.90373,
                    9.18439,
                    -10.7791,
                    1.8573,
                    -13.6344,
                    8.13499,
                    -11.51248,
                    6.78458,
                    -2.93235,
                    14.89517,
                    -7.447,
                    9.99466,
                    -1.63874,
                    5.86203,
                    0,
                    0,
                    2.98669,
                    -0.15999,
                    0.59912,
                    -0.03209,
                    1.53082,
                    -0.082,
                    -0.11084,
                    0.00594,
                    -1.26818,
                    0.06794,
                    0,
                    0,
                    0,
                    0,
                    0,
                    0,
                    0,
                    0,
                    0,
                    0,
                    0,
                    0,
                    0,
                    0,
                    0,
                    0,
                    -4.61021,
                    4.45593,
                    0.55022,
                    -0.02942,
                    1.98318,
                    1.78252,
                    0.01686,
                    -1.74141,
                    1.59313,
                    -1.08676,
                    3.28367,
                    4.07516,
                    1.95304,
                    2.5472,
                    -0.76915,
                    3.36397,
                    2.0637,
                    1.86324,
                    2.52142,
                    3.0435,
                    -0.33252,
                    0.01782,
                    -4.54954,
                    11.68317,
                    0.75806,
                    1.9242
                  ]
                },
                {
                  "time": 2.8333,
                  "vertices": [
                    -5.27174,
                    4.89398,
                    -3.66531,
                    -8.46898,
                    7.03347,
                    -8.89392,
                    -2.23521,
                    -8.42937,
                    -9.51782,
                    -3.26947,
                    -0.98055,
                    1.54971,
                    -2.36933,
                    1.98358,
                    0,
                    0,
                    -5.31147,
                    0.28453,
                    3.01461,
                    -0.16151,
                    -0.3441,
                    -1.04105,
                    -4.98478,
                    -2.20054,
                    -2.82326,
                    -1.25681,
                    0,
                    0,
                    0,
                    0,
                    0,
                    0,
                    0,
                    0,
                    0,
                    0,
                    0,
                    0,
                    0,
                    0,
                    0,
                    0,
                    -2.46343,
                    5.66589,
                    -0.03674,
                    -9.13498,
                    -0.15733,
                    -2.93669,
                    1.47137,
                    -6.96767,
                    0.09854,
                    1.83939,
                    0.09854,
                    1.83939,
                    -0.77188,
                    2.80826,
                    1.71577,
                    -3.41471,
                    -0.76533,
                    -3.29372,
                    1.92019,
                    3.03565,
                    1.23428,
                    -0.06612,
                    1.72441,
                    -1.92698,
                    0.33819,
                    -5.91258
                  ]
                },
                {
                  "time": 3.8333
                }
              ]
            }
          }
        }
      }
    }
  },
  "_atlasText": "\n3.png\nsize: 792,685\nformat: RGBA8888\nfilter: Linear,Linear\nrepeat: none\n3\n  rotate: false\n  xy: 2, 2\n  size: 788, 681\n  orig: 788, 685\n  offset: 0, 0\n  index: -1\n",
  "textures": [
    {
      "__uuid__": "a7713b9c-742f-4ad3-be14-4826e10aaf91"
    }
  ],
  "textureNames": [
    "3.png"
  ],
  "scale": 1
}