{
  "__type__": "cc.AnimationClip",
  "_name": "planetMove",
  "_objFlags": 0,
  "_native": "",
  "_duration": 1.5,
  "sample": 60,
  "speed": 1,
  "wrapMode": 2,
  "curveData": {
    "props": {
      "position": [
        {
          "frame": 0,
          "value": [
            279.883,
            673.31,
            0
          ]
        },
        {
          "frame": 0.75,
          "value": [
            295.853,
            680.872,
            0
          ]
        },
        {
          "frame": 1.5,
          "value": [
            279.883,
            673.31,
            0
          ]
        }
      ]
    }
  },
  "events": []
}