{
  "__type__": "cc.AnimationClip",
  "_name": "butterfly",
  "_objFlags": 0,
  "_native": "",
  "_duration": 3.0166666666666666,
  "sample": 60,
  "speed": 1,
  "wrapMode": 2,
  "curveData": {
    "props": {
      "position": [
        {
          "frame": 0,
          "value": [
            210.944,
            57.63,
            0
          ]
        },
        {
          "frame": 1.5,
          "value": [
            210.944,
            115.63,
            0
          ]
        },
        {
          "frame": 3.0166666666666666,
          "value": [
            210.944,
            57.63,
            0
          ]
        }
      ]
    }
  },
  "events": []
}