{
  "__type__": "cc.AnimationClip",
  "_name": "bigStarMove",
  "_objFlags": 0,
  "_native": "",
  "_duration": 2,
  "sample": 60,
  "speed": 1,
  "wrapMode": 2,
  "curveData": {
    "props": {
      "position": [
        {
          "frame": 0,
          "value": [
            662.029,
            594.755,
            0
          ]
        },
        {
          "frame": 2,
          "value": [
            -1580.143,
            -615.257,
            0
          ]
        }
      ]
    }
  },
  "events": []
}