{
  "__type__": "cc.AnimationClip",
  "_name": "ferry",
  "_objFlags": 0,
  "_native": "",
  "_duration": 6.533333333333333,
  "sample": 60,
  "speed": 1,
  "wrapMode": 1,
  "curveData": {
    "comps": {
      "cc.Sprite": {
        "spriteFrame": [
          {
            "frame": 0,
            "value": {
              "__uuid__": "81456c74-954a-4aa5-b641-14678c2ae830"
            }
          },
          {
            "frame": 0.5,
            "value": {
              "__uuid__": "b1bf5bda-6b7e-4178-83d5-a2fc61486444"
            }
          },
          {
            "frame": 1,
            "value": {
              "__uuid__": "91a607d2-129c-4eb6-a6f6-aaa09071e71e"
            }
          },
          {
            "frame": 1.5,
            "value": {
              "__uuid__": "64b817ec-cc78-4644-b0fb-b9d57284f473"
            }
          },
          {
            "frame": 2,
            "value": {
              "__uuid__": "7e4a775b-5536-4671-b046-0f97d25415eb"
            }
          },
          {
            "frame": 2.4833333333333334,
            "value": {
              "__uuid__": "656d5039-2dfc-4448-bdb2-4f88e69ac84b"
            }
          },
          {
            "frame": 3.0166666666666666,
            "value": {
              "__uuid__": "13698d9d-83c9-4082-aa46-106db84ea61e"
            }
          },
          {
            "frame": 3.5,
            "value": {
              "__uuid__": "3431e0ad-e839-4654-8e32-88f47072e1d7"
            }
          },
          {
            "frame": 3.9833333333333334,
            "value": {
              "__uuid__": "90e07129-503e-490f-b7b5-81a65340dbff"
            }
          },
          {
            "frame": 4.466666666666667,
            "value": {
              "__uuid__": "8df7c795-37c4-4c53-b5b5-24649bb13268"
            }
          },
          {
            "frame": 5,
            "value": {
              "__uuid__": "bb83ebcd-ff5b-4455-a490-523c13005673"
            }
          },
          {
            "frame": 5.5,
            "value": {
              "__uuid__": "82cc48dc-7e96-4b00-b3da-3d04224225fe"
            }
          },
          {
            "frame": 5.983333333333333,
            "value": {
              "__uuid__": "71554ae0-c27a-4871-af6c-c76c99fdf9bc"
            }
          },
          {
            "frame": 6.516666666666667,
            "value": {
              "__uuid__": "ab239b2d-3aa0-4e9a-9f6e-3c66120424d2"
            }
          }
        ]
      }
    }
  },
  "events": []
}