{
  "__type__": "cc.AnimationClip",
  "_name": "blackCat",
  "_objFlags": 0,
  "_native": "",
  "_duration": 2,
  "sample": 60,
  "speed": 1,
  "wrapMode": 2,
  "curveData": {
    "props": {
      "position": [
        {
          "frame": 0,
          "value": [
            -255.832,
            -138.844,
            0
          ]
        },
        {
          "frame": 0.6666666666666666,
          "value": [
            -255.832,
            -125.853,
            0
          ]
        },
        {
          "frame": 1.3333333333333333,
          "value": [
            -255.832,
            -148.197,
            0
          ]
        },
        {
          "frame": 2,
          "value": [
            -255.832,
            -138.844,
            0
          ]
        }
      ]
    }
  },
  "events": []
}