{
  "__type__": "cc.AnimationClip",
  "_name": "balloon4",
  "_objFlags": 0,
  "_native": "",
  "_duration": 2.2666666666666666,
  "sample": 60,
  "speed": 1,
  "wrapMode": 2,
  "curveData": {
    "props": {
      "y": [
        {
          "frame": 0.5166666666666667,
          "value": -117.186
        },
        {
          "frame": 1.1166666666666667,
          "value": -110.186
        },
        {
          "frame": 1.7,
          "value": -117.95523076923078
        },
        {
          "frame": 2.2666666666666666,
          "value": -117.186
        }
      ]
    }
  },
  "events": []
}