{
  "__type__": "sp.SkeletonData",
  "_name": "hd",
  "_objFlags": 0,
  "_native": "",
  "_skeletonJson": {
    "skeleton": {
      "hash": "u/ghyFCMFDD/jApNFairy4rwr90",
      "spine": "3.8.97",
      "images": "",
      "audio": "C:/Users/Administrator/Desktop/1"
    },
    "bones": [
      {
        "name": "root"
      },
      {
        "name": "bone",
        "parent": "root",
        "length": 45.7,
        "rotation": 61.08,
        "x": -10.15,
        "y": 164.48
      },
      {
        "name": "bone2",
        "parent": "bone",
        "length": 44.71,
        "rotation": 86.44,
        "x": 32.91,
        "y": 4.25
      },
      {
        "name": "bone3",
        "parent": "bone",
        "length": 41.28,
        "rotation": -85.05,
        "x": 34,
        "y": -1.67
      },
      {
        "name": "bone4",
        "parent": "bone",
        "length": 20.91,
        "rotation": 15.01,
        "x": 54.6,
        "y": 3.1
      },
      {
        "name": "bone5",
        "parent": "bone4",
        "length": 22.14,
        "rotation": 10.78,
        "x": 20.91
      },
      {
        "name": "bone6",
        "parent": "bone5",
        "length": 15.18,
        "rotation": 9.96,
        "x": 22.14
      },
      {
        "name": "bone7",
        "parent": "bone",
        "length": 27.58,
        "rotation": -24.38,
        "x": 54.22,
        "y": -2.86
      },
      {
        "name": "bone8",
        "parent": "bone7",
        "length": 19.25,
        "rotation": -8,
        "x": 27.58
      },
      {
        "name": "bone9",
        "parent": "bone8",
        "length": 11.19,
        "rotation": -10.92,
        "x": 19.25
      }
    ],
    "slots": [
      {
        "name": "1",
        "bone": "bone"
      }
    ],
    "skins": [
      {
        "name": "default",
        "attachments": {
          "1": {
            "1": {
              "type": "mesh",
              "uvs": [
                0.33511,
                0.78213,
                0.33546,
                0.75039,
                0.30754,
                0.76396,
                0.2285,
                0.81105,
                0.14421,
                0.82717,
                0.03826,
                0.79264,
                0,
                0.6925,
                0,
                0.53596,
                0.07699,
                0.47035,
                0.05763,
                0.33337,
                0.09522,
                0.20331,
                0.1237,
                0.06633,
                0.1556,
                0,
                0.26496,
                0,
                0.34356,
                0.07209,
                0.40508,
                0.17683,
                0.44381,
                0.28848,
                0.45562,
                0.37296,
                0.45234,
                0.48393,
                0.47529,
                0.37572,
                0.48021,
                0.28518,
                0.47869,
                0.26493,
                0.47693,
                0.24156,
                0.45671,
                0.17752,
                0.49933,
                0.16593,
                0.50152,
                0.24101,
                0.50071,
                0.26563,
                0.49988,
                0.2907,
                0.49715,
                0.37737,
                0.47365,
                0.48578,
                0.48239,
                0.49461,
                0.59661,
                0.40976,
                0.64631,
                0.38088,
                0.68672,
                0.3593,
                0.74217,
                0.32347,
                0.76676,
                0.35162,
                0.746,
                0.37647,
                0.69231,
                0.37831,
                0.65256,
                0.39855,
                0.60718,
                0.42681,
                0.50213,
                0.5,
                0.59788,
                0.44689,
                0.70542,
                0.42056,
                0.83541,
                0.40728,
                0.96401,
                0.44468,
                1,
                0.49784,
                1,
                0.54575,
                0.91961,
                0.62592,
                0.84686,
                0.71976,
                0.77607,
                0.79129,
                0.71697,
                0.80179,
                0.71052,
                0.88254,
                0.61115,
                1,
                0.43644,
                1,
                0.3572,
                0.92914,
                0.33447,
                0.84054,
                0.40268,
                0.58196,
                0.43608,
                0.60109,
                0.4863,
                0.37655,
                0.49423,
                0.26542,
                0.68873,
                0.36889,
                0.60191,
                0.41849
              ],
              "triangles": [
                0,
                1,
                57,
                53,
                54,
                55,
                55,
                52,
                53,
                50,
                51,
                52,
                50,
                52,
                55,
                0,
                57,
                50,
                50,
                48,
                49,
                50,
                57,
                40,
                48,
                50,
                41,
                48,
                41,
                42,
                1,
                56,
                57,
                48,
                42,
                47,
                47,
                42,
                43,
                47,
                44,
                46,
                47,
                43,
                44,
                44,
                45,
                46,
                50,
                40,
                41,
                55,
                0,
                50,
                9,
                17,
                18,
                6,
                4,
                5,
                3,
                4,
                6,
                8,
                2,
                3,
                8,
                3,
                6,
                56,
                2,
                8,
                6,
                7,
                8,
                57,
                56,
                18,
                56,
                8,
                18,
                10,
                17,
                9,
                16,
                10,
                15,
                15,
                10,
                14,
                10,
                11,
                14,
                14,
                11,
                13,
                11,
                12,
                13,
                18,
                8,
                9,
                56,
                1,
                2,
                16,
                17,
                10,
                37,
                60,
                36,
                36,
                33,
                34,
                36,
                34,
                35,
                36,
                60,
                33,
                39,
                61,
                38,
                38,
                61,
                32,
                61,
                31,
                32,
                37,
                32,
                60,
                37,
                38,
                32,
                32,
                33,
                60,
                57,
                30,
                40,
                30,
                31,
                40,
                39,
                40,
                61,
                61,
                40,
                31,
                26,
                59,
                25,
                25,
                59,
                22,
                59,
                21,
                22,
                25,
                22,
                24,
                22,
                23,
                24,
                27,
                28,
                58,
                58,
                19,
                27,
                19,
                20,
                27,
                20,
                59,
                27,
                27,
                59,
                26,
                20,
                21,
                59,
                30,
                18,
                29,
                30,
                57,
                18,
                29,
                58,
                28,
                29,
                19,
                58,
                29,
                18,
                19
              ],
              "vertices": [
                1,
                3,
                -2.37,
                -40.83,
                1,
                3,
                1,
                -1.51,
                0.05,
                0.9973,
                2,
                -6.33,
                34.09,
                0.00148,
                3,
                -4.78,
                -35.23,
                0.00122,
                1,
                2,
                -3.16,
                39.2,
                1,
                1,
                2,
                4.93,
                55.06,
                1,
                1,
                2,
                17.06,
                66.45,
                1,
                1,
                2,
                37.96,
                71.89,
                1,
                1,
                2,
                54.55,
                59.65,
                1,
                1,
                2,
                70.68,
                34.3,
                1,
                1,
                2,
                64.84,
                15.65,
                1,
                1,
                2,
                82.13,
                -4.52,
                1,
                1,
                2,
                89.39,
                -29.51,
                1,
                1,
                2,
                98.85,
                -54.66,
                1,
                1,
                2,
                100.46,
                -68.73,
                1,
                1,
                2,
                82.56,
                -80.12,
                1,
                1,
                2,
                62.27,
                -76.63,
                1,
                1,
                2,
                41.4,
                -66.07,
                1,
                1,
                2,
                23.55,
                -52.01,
                1,
                1,
                2,
                12.91,
                -39.56,
                1,
                3,
                1,
                54.24,
                4.94,
                0.0105,
                4,
                0.12,
                1.88,
                0.94935,
                2,
                2.01,
                -21.25,
                0.04015,
                3,
                1,
                74.58,
                11.09,
                0,
                4,
                21.36,
                2.55,
                0.36554,
                5,
                0.92,
                2.42,
                0.63446,
                4,
                1,
                90.25,
                18.66,
                0,
                4,
                38.46,
                5.8,
                0.00004,
                5,
                18.33,
                2.41,
                0.98437,
                6,
                -3.34,
                3.04,
                0.01559,
                5,
                1,
                93.52,
                20.8,
                0,
                4,
                42.17,
                7.02,
                0,
                5,
                22.19,
                2.92,
                0.45879,
                6,
                0.55,
                2.87,
                0.54121,
                7,
                26.03,
                37.77,
                0,
                2,
                6,
                5.05,
                2.67,
                1,
                7,
                28.43,
                41.57,
                0,
                3,
                4,
                57.43,
                15.19,
                0,
                5,
                38.72,
                8.09,
                0.00002,
                6,
                17.72,
                5.1,
                0.99998,
                1,
                6,
                18.95,
                -3.38,
                1,
                3,
                1,
                99.68,
                19.14,
                0,
                4,
                47.69,
                3.82,
                0,
                6,
                4.58,
                -2.08,
                1,
                2,
                5,
                22.29,
                -1.35,
                0.50635,
                6,
                -0.09,
                -1.36,
                0.49365,
                2,
                5,
                17.48,
                -1.46,
                1,
                7,
                26.37,
                31.34,
                0,
                3,
                1,
                76.35,
                7.22,
                0,
                4,
                22.07,
                -1.65,
                0.3211,
                5,
                0.83,
                -1.83,
                0.6789,
                2,
                4,
                0.77,
                -2.22,
                0.83722,
                7,
                -0.1,
                4.35,
                0.16278,
                3,
                1,
                55.26,
                -1.16,
                0.00136,
                4,
                -0.47,
                -4.28,
                0.22115,
                7,
                0.25,
                1.98,
                0.77749,
                2,
                7,
                27.75,
                1.8,
                0.48012,
                8,
                -0.08,
                1.81,
                0.51988,
                2,
                8,
                11.04,
                2.04,
                0.99651,
                9,
                -8.45,
                0.45,
                0.00349,
                2,
                8,
                19.91,
                1.91,
                0.42441,
                9,
                0.28,
                2,
                0.57559,
                3,
                7,
                60.29,
                -1.79,
                0,
                8,
                32.65,
                2.77,
                0.00034,
                9,
                12.63,
                5.26,
                0.99966,
                2,
                8,
                34.23,
                -4.26,
                0.00001,
                9,
                15.52,
                -1.34,
                0.99999,
                1,
                9,
                10.23,
                -4.65,
                1,
                2,
                8,
                19.1,
                -1.82,
                0.47564,
                9,
                0.2,
                -1.81,
                0.52436,
                2,
                8,
                10.47,
                -1.52,
                0.99999,
                9,
                -8.33,
                -3.16,
                0,
                4,
                1,
                78.36,
                -16.05,
                0,
                4,
                17.99,
                -24.65,
                0,
                7,
                27.43,
                -2.05,
                0.53213,
                8,
                0.14,
                -2.05,
                0.46787,
                3,
                1,
                56.21,
                -5.01,
                0.00207,
                7,
                2.7,
                -1.14,
                0.97544,
                3,
                5.24,
                21.83,
                0.02249,
                1,
                3,
                18.07,
                38.69,
                1,
                1,
                3,
                35.08,
                51.79,
                1,
                1,
                3,
                57.09,
                64.36,
                1,
                1,
                3,
                82.81,
                67.93,
                1,
                1,
                3,
                93.33,
                61.44,
                1,
                1,
                3,
                97.07,
                53.03,
                1,
                1,
                3,
                89.07,
                32.63,
                1,
                1,
                3,
                83.49,
                10.44,
                1,
                1,
                3,
                76.52,
                -7.69,
                1,
                1,
                3,
                66.86,
                -14.19,
                1,
                1,
                3,
                72.01,
                -28.87,
                1,
                1,
                3,
                63.55,
                -57.31,
                1,
                1,
                3,
                32.58,
                -71.07,
                1,
                1,
                3,
                13.01,
                -64.88,
                1,
                1,
                3,
                2.07,
                -51.13,
                1,
                3,
                1,
                33.1,
                4.27,
                0.00212,
                4,
                -20.46,
                6.71,
                0.00057,
                2,
                0.03,
                -0.19,
                0.99731,
                1,
                3,
                1.41,
                -1.11,
                1,
                3,
                1,
                75.47,
                9.14,
                0,
                4,
                21.72,
                0.44,
                0.36922,
                5,
                0.87,
                0.28,
                0.63078,
                2,
                5,
                22.26,
                -0.1,
                0.48509,
                6,
                0.1,
                -0.12,
                0.51491,
                2,
                8,
                19.36,
                0.1,
                0.48671,
                9,
                0.09,
                0.12,
                0.51329,
                4,
                1,
                79.26,
                -14.38,
                0,
                4,
                19.29,
                -23.27,
                0,
                7,
                27.57,
                -0.16,
                0.50138,
                8,
                0.02,
                -0.16,
                0.49862
              ],
              "hull": 56,
              "edges": [
                6,
                8,
                8,
                10,
                10,
                12,
                12,
                14,
                14,
                16,
                16,
                18,
                18,
                20,
                20,
                22,
                22,
                24,
                24,
                26,
                26,
                28,
                28,
                30,
                30,
                32,
                32,
                34,
                34,
                36,
                36,
                38,
                38,
                40,
                44,
                46,
                46,
                48,
                48,
                50,
                54,
                56,
                56,
                58,
                58,
                60,
                60,
                62,
                62,
                64,
                64,
                66,
                66,
                68,
                68,
                70,
                70,
                72,
                72,
                74,
                74,
                76,
                76,
                78,
                78,
                80,
                80,
                82,
                82,
                84,
                84,
                86,
                86,
                88,
                88,
                90,
                90,
                92,
                92,
                94,
                94,
                96,
                96,
                98,
                98,
                100,
                100,
                102,
                102,
                104,
                104,
                106,
                106,
                108,
                108,
                110,
                36,
                112,
                2,
                4,
                4,
                6,
                112,
                4,
                80,
                114,
                2,
                0,
                0,
                110,
                114,
                0,
                38,
                116,
                116,
                56,
                40,
                42,
                42,
                44,
                50,
                52,
                52,
                54,
                42,
                118,
                118,
                52,
                66,
                120,
                120,
                74,
                62,
                122,
                122,
                78
              ],
              "width": 194,
              "height": 192
            }
          }
        }
      }
    ],
    "animations": {
      "animation": {
        "slots": {
          "1": {
            "attachment": [
              {
                "name": "1"
              },
              {
                "time": 0.1,
                "name": "1"
              },
              {
                "time": 0.2333,
                "name": "1"
              },
              {
                "time": 0.3333,
                "name": "1"
              }
            ]
          }
        },
        "bones": {
          "bone": {
            "rotate": [
              {
                "curve": "stepped"
              },
              {
                "time": 0.1,
                "curve": "stepped"
              },
              {
                "time": 0.2333,
                "curve": "stepped"
              },
              {
                "time": 0.3333
              }
            ],
            "translate": [
              {},
              {
                "time": 0.1,
                "x": -1.12,
                "y": -16.84
              },
              {
                "time": 0.2333,
                "x": 2.25,
                "y": 13.2
              },
              {
                "time": 0.3333
              }
            ],
            "scale": [
              {
                "curve": "stepped"
              },
              {
                "time": 0.1,
                "curve": "stepped"
              },
              {
                "time": 0.2333,
                "curve": "stepped"
              },
              {
                "time": 0.3333
              }
            ],
            "shear": [
              {
                "curve": "stepped"
              },
              {
                "time": 0.1,
                "curve": "stepped"
              },
              {
                "time": 0.2333,
                "curve": "stepped"
              },
              {
                "time": 0.3333
              }
            ]
          },
          "bone2": {
            "rotate": [
              {},
              {
                "time": 0.1,
                "angle": -9.26
              },
              {
                "time": 0.2333,
                "angle": 8.28
              },
              {
                "time": 0.3333
              }
            ],
            "translate": [
              {},
              {
                "time": 0.1,
                "x": -1.8,
                "y": 0.74
              },
              {
                "time": 0.2333,
                "curve": "stepped"
              },
              {
                "time": 0.3333
              }
            ],
            "scale": [
              {
                "curve": "stepped"
              },
              {
                "time": 0.1,
                "curve": "stepped"
              },
              {
                "time": 0.2333,
                "curve": "stepped"
              },
              {
                "time": 0.3333
              }
            ],
            "shear": [
              {
                "curve": "stepped"
              },
              {
                "time": 0.1,
                "curve": "stepped"
              },
              {
                "time": 0.2333,
                "curve": "stepped"
              },
              {
                "time": 0.3333
              }
            ]
          },
          "bone3": {
            "rotate": [
              {},
              {
                "time": 0.1,
                "angle": 12.73
              },
              {
                "time": 0.2333,
                "angle": -6.4
              },
              {
                "time": 0.3333
              }
            ],
            "translate": [
              {},
              {
                "time": 0.1,
                "x": -1.62,
                "y": -0.2
              },
              {
                "time": 0.2333,
                "curve": "stepped"
              },
              {
                "time": 0.3333
              }
            ],
            "scale": [
              {
                "curve": "stepped"
              },
              {
                "time": 0.1,
                "curve": "stepped"
              },
              {
                "time": 0.2333,
                "curve": "stepped"
              },
              {
                "time": 0.3333
              }
            ],
            "shear": [
              {
                "curve": "stepped"
              },
              {
                "time": 0.1,
                "curve": "stepped"
              },
              {
                "time": 0.2333,
                "curve": "stepped"
              },
              {
                "time": 0.3333
              }
            ]
          },
          "bone4": {
            "rotate": [
              {},
              {
                "time": 0.1,
                "angle": -15.11
              },
              {
                "time": 0.2333,
                "angle": 14.13
              },
              {
                "time": 0.3333
              }
            ],
            "translate": [
              {
                "curve": "stepped"
              },
              {
                "time": 0.1,
                "curve": "stepped"
              },
              {
                "time": 0.2333,
                "curve": "stepped"
              },
              {
                "time": 0.3333
              }
            ],
            "scale": [
              {
                "curve": "stepped"
              },
              {
                "time": 0.1,
                "curve": "stepped"
              },
              {
                "time": 0.2333,
                "curve": "stepped"
              },
              {
                "time": 0.3333
              }
            ],
            "shear": [
              {
                "curve": "stepped"
              },
              {
                "time": 0.1,
                "curve": "stepped"
              },
              {
                "time": 0.2333,
                "curve": "stepped"
              },
              {
                "time": 0.3333
              }
            ]
          },
          "bone5": {
            "rotate": [
              {},
              {
                "time": 0.1,
                "angle": 6.64
              },
              {
                "time": 0.2333,
                "angle": -17.76
              },
              {
                "time": 0.3333
              }
            ],
            "translate": [
              {
                "curve": "stepped"
              },
              {
                "time": 0.1,
                "curve": "stepped"
              },
              {
                "time": 0.2333,
                "curve": "stepped"
              },
              {
                "time": 0.3333
              }
            ],
            "scale": [
              {
                "curve": "stepped"
              },
              {
                "time": 0.1,
                "curve": "stepped"
              },
              {
                "time": 0.2333,
                "curve": "stepped"
              },
              {
                "time": 0.3333
              }
            ],
            "shear": [
              {
                "curve": "stepped"
              },
              {
                "time": 0.1,
                "curve": "stepped"
              },
              {
                "time": 0.2333,
                "curve": "stepped"
              },
              {
                "time": 0.3333
              }
            ]
          },
          "bone6": {
            "rotate": [
              {},
              {
                "time": 0.1,
                "angle": 4.54
              },
              {
                "time": 0.2333,
                "angle": -19.82
              },
              {
                "time": 0.3333
              }
            ],
            "translate": [
              {
                "curve": "stepped"
              },
              {
                "time": 0.1,
                "curve": "stepped"
              },
              {
                "time": 0.2333,
                "curve": "stepped"
              },
              {
                "time": 0.3333
              }
            ],
            "scale": [
              {
                "curve": "stepped"
              },
              {
                "time": 0.1,
                "curve": "stepped"
              },
              {
                "time": 0.2333,
                "curve": "stepped"
              },
              {
                "time": 0.3333
              }
            ],
            "shear": [
              {
                "curve": "stepped"
              },
              {
                "time": 0.1,
                "curve": "stepped"
              },
              {
                "time": 0.2333,
                "curve": "stepped"
              },
              {
                "time": 0.3333
              }
            ]
          },
          "bone7": {
            "rotate": [
              {},
              {
                "time": 0.1,
                "angle": 19.23
              },
              {
                "time": 0.2333,
                "angle": -6.35
              },
              {
                "time": 0.3333
              }
            ],
            "translate": [
              {
                "curve": "stepped"
              },
              {
                "time": 0.1,
                "curve": "stepped"
              },
              {
                "time": 0.2333,
                "curve": "stepped"
              },
              {
                "time": 0.3333
              }
            ],
            "scale": [
              {
                "curve": "stepped"
              },
              {
                "time": 0.1,
                "curve": "stepped"
              },
              {
                "time": 0.2333,
                "curve": "stepped"
              },
              {
                "time": 0.3333
              }
            ],
            "shear": [
              {
                "curve": "stepped"
              },
              {
                "time": 0.1,
                "curve": "stepped"
              },
              {
                "time": 0.2333,
                "curve": "stepped"
              },
              {
                "time": 0.3333
              }
            ]
          },
          "bone8": {
            "rotate": [
              {},
              {
                "time": 0.1,
                "angle": -9.56
              },
              {
                "time": 0.2333,
                "angle": 15.15
              },
              {
                "time": 0.3333
              }
            ],
            "translate": [
              {
                "curve": "stepped"
              },
              {
                "time": 0.1,
                "curve": "stepped"
              },
              {
                "time": 0.2333,
                "curve": "stepped"
              },
              {
                "time": 0.3333
              }
            ],
            "scale": [
              {
                "curve": "stepped"
              },
              {
                "time": 0.1,
                "curve": "stepped"
              },
              {
                "time": 0.2333,
                "curve": "stepped"
              },
              {
                "time": 0.3333
              }
            ],
            "shear": [
              {
                "curve": "stepped"
              },
              {
                "time": 0.1,
                "curve": "stepped"
              },
              {
                "time": 0.2333,
                "curve": "stepped"
              },
              {
                "time": 0.3333
              }
            ]
          },
          "bone9": {
            "rotate": [
              {},
              {
                "time": 0.1,
                "angle": -14.09
              },
              {
                "time": 0.2333,
                "angle": 22.82
              },
              {
                "time": 0.3333
              }
            ],
            "translate": [
              {
                "curve": "stepped"
              },
              {
                "time": 0.1,
                "curve": "stepped"
              },
              {
                "time": 0.2333,
                "curve": "stepped"
              },
              {
                "time": 0.3333
              }
            ],
            "scale": [
              {
                "curve": "stepped"
              },
              {
                "time": 0.1,
                "curve": "stepped"
              },
              {
                "time": 0.2333,
                "curve": "stepped"
              },
              {
                "time": 0.3333
              }
            ],
            "shear": [
              {
                "curve": "stepped"
              },
              {
                "time": 0.1,
                "curve": "stepped"
              },
              {
                "time": 0.2333,
                "curve": "stepped"
              },
              {
                "time": 0.3333
              }
            ]
          }
        },
        "deform": {
          "default": {
            "1": {
              "1": [
                {},
                {
                  "time": 0.1,
                  "vertices": [
                    -7.37855,
                    5.5645,
                    -1.79687,
                    0.48354,
                    0.07278,
                    1.85941,
                    -1.00642,
                    -1.565,
                    -5.3811,
                    -4.47852,
                    5.44942,
                    -6.7395,
                    9.90209,
                    -11.01929,
                    11.12827,
                    -19.48547,
                    7.46684,
                    -24.44229,
                    -2.46445,
                    -17.99541,
                    -10.78565,
                    -13.85558,
                    -13.16425,
                    -23.3936,
                    -18.2794,
                    -36.9882,
                    -36.53085,
                    -39.22502,
                    -44.62462,
                    -36.25679,
                    -48.89947,
                    -22.12749,
                    -42.15618,
                    -10.12143,
                    -27.30418,
                    1.24873,
                    -11.6198,
                    -0.55434,
                    -3.87722,
                    -1.1933,
                    -0.98791,
                    -0.28175,
                    -0.98882,
                    -0.27846,
                    -0.49396,
                    0.90083,
                    0,
                    0,
                    0,
                    0,
                    0,
                    0,
                    0.10292,
                    -0.44688,
                    0.10367,
                    -0.44674,
                    -0.03477,
                    -0.45728,
                    -0.14816,
                    -0.43399,
                    0.26836,
                    -0.3555,
                    0.26897,
                    -0.35506,
                    0.15039,
                    -0.41929,
                    0.0406,
                    -0.44358,
                    0.29918,
                    -0.32998,
                    0.14412,
                    -0.89035,
                    0.65054,
                    -0.62467,
                    0,
                    0,
                    0,
                    0,
                    0,
                    0,
                    0,
                    0,
                    0.50624,
                    -0.65592,
                    0.50737,
                    -0.65509,
                    0.08434,
                    -0.8243,
                    0.37512,
                    -0.88766,
                    0.14087,
                    -0.95329,
                    0.21373,
                    -0.72785,
                    0.47563,
                    -0.59089,
                    0,
                    0,
                    0,
                    0,
                    0,
                    0,
                    -0.34413,
                    -0.01295,
                    -0.3405,
                    -0.05162,
                    0,
                    0,
                    0,
                    0,
                    0,
                    0,
                    -0.78719,
                    -0.76373,
                    -0.51991,
                    -0.96567,
                    -0.19759,
                    0.15643,
                    -0.24519,
                    0.05823,
                    0,
                    0,
                    0,
                    0,
                    0,
                    0,
                    0,
                    0,
                    0,
                    0,
                    0,
                    0,
                    0,
                    0,
                    0,
                    0,
                    -0.35196,
                    -0.4446,
                    -0.13103,
                    -0.55174,
                    0,
                    0,
                    0,
                    0,
                    -0.66182,
                    -0.36549,
                    -0.66124,
                    -0.36668,
                    -0.6264,
                    -0.42349,
                    -0.46931,
                    -0.59273,
                    0,
                    0,
                    0,
                    0,
                    0,
                    0,
                    -0.6965,
                    0.08798,
                    -7.91239,
                    4.79552,
                    -21.97377,
                    15.34125,
                    -31.9804,
                    28.20238,
                    -29.07703,
                    37.05971,
                    -21.99781,
                    38.22366,
                    -9.97811,
                    32.94412,
                    -6.68855,
                    10.46751,
                    -8.35558,
                    4.93465,
                    -15.77904,
                    3.10373,
                    -7.87647,
                    5.93106,
                    -1.73849,
                    16.00984,
                    10.64918,
                    17.0961,
                    7.60272,
                    9.03822,
                    1.25831,
                    3.62244,
                    -0.14968,
                    -0.71555,
                    -0.19339,
                    -0.70007,
                    -0.73099,
                    -0.01276,
                    -0.16507,
                    0.83057,
                    0.03047,
                    -0.05513,
                    0.03056,
                    -0.05508,
                    0.01268,
                    -0.06171,
                    0.42258,
                    -0.49203,
                    0.28592,
                    -0.58215,
                    0.30453,
                    0.08025,
                    0.24206,
                    0.20146,
                    -0.5705,
                    -0.53093,
                    -0.56964,
                    -0.53197,
                    -0.52061,
                    -0.58007,
                    -0.32115,
                    -0.71013
                  ]
                },
                {
                  "time": 0.2333,
                  "vertices": [
                    3.20242,
                    1.1812,
                    -0.56288,
                    0.19162,
                    0.23737,
                    0.54514,
                    -0.17742,
                    -0.56731,
                    3.69661,
                    -0.22501,
                    -3.94193,
                    -1.52588,
                    -11.12039,
                    -2.14322,
                    -17.75765,
                    2.1308,
                    -18.89819,
                    11.03365,
                    -21.52089,
                    26.91483,
                    -14.51381,
                    26.31406,
                    -10.67105,
                    32.54457,
                    -1.31482,
                    38.97188,
                    5.78033,
                    48.03441,
                    11.45972,
                    51.84482,
                    19.73703,
                    48.58109,
                    16.45088,
                    34.40631,
                    12.82672,
                    20.01918,
                    7.10596,
                    9.12018,
                    -1.56779,
                    5.90656,
                    0,
                    0,
                    0,
                    0,
                    0,
                    0,
                    0.17213,
                    -0.3116,
                    -0.0014,
                    -0.35598,
                    0.04187,
                    -0.35351,
                    -0.48381,
                    0.13948,
                    -0.35464,
                    0.35743,
                    -0.39552,
                    0.31166,
                    -0.4429,
                    0.23948,
                    0,
                    0,
                    0,
                    0,
                    0,
                    0,
                    0,
                    0,
                    0,
                    0,
                    0.17953,
                    0.33218,
                    -0.09543,
                    0.36537,
                    0,
                    0,
                    0,
                    0,
                    0,
                    0,
                    0,
                    0,
                    0.68472,
                    0.78496,
                    0.98033,
                    0.35215,
                    0.83621,
                    0.62099,
                    0.49419,
                    -0.38955,
                    0.55368,
                    -0.29918,
                    0.51968,
                    0.15123,
                    0.19316,
                    0.50598,
                    0.21516,
                    -0.38948,
                    -0.00174,
                    -0.44495,
                    0.05235,
                    -0.44187,
                    0,
                    0,
                    0,
                    0,
                    0,
                    0,
                    0,
                    0,
                    0,
                    0,
                    0,
                    0,
                    0,
                    0,
                    -0.54707,
                    -1.15092,
                    -0.7726,
                    -1.01366,
                    0.17398,
                    -0.35788,
                    0.09647,
                    -0.38612,
                    0,
                    0,
                    0,
                    0,
                    0,
                    0,
                    0,
                    0,
                    0,
                    0,
                    -0.30896,
                    0.08689,
                    0.24458,
                    -0.41208,
                    0.15437,
                    -0.45375,
                    -0.33025,
                    -0.86838,
                    -0.50224,
                    -0.78194,
                    -0.20702,
                    0.19068,
                    -0.08797,
                    0.26736,
                    -0.27536,
                    0.05818,
                    -0.26605,
                    0.09193,
                    0,
                    0,
                    0,
                    0,
                    0,
                    0,
                    7.50441,
                    -4.85043,
                    16.28727,
                    -11.99974,
                    20.77502,
                    -27.33987,
                    15.69324,
                    -41.8299,
                    12.08326,
                    -47.12617,
                    5.74952,
                    -49.85014,
                    -4.30722,
                    -41.32108,
                    -13.72749,
                    -34.34004,
                    -21.41466,
                    -28.93906,
                    -19.51477,
                    -21.70654,
                    -21.47088,
                    -22.6526,
                    -24.56009,
                    -11.43654,
                    -13.88564,
                    -1.09949,
                    -4.95142,
                    0.33318,
                    0.58564,
                    0.89963,
                    0,
                    0,
                    0,
                    0,
                    0,
                    0,
                    0,
                    0,
                    0.22331,
                    -0.58831,
                    -0.09145,
                    -0.62259,
                    -0.01511,
                    -0.62909,
                    0.45233,
                    -0.03598,
                    0.45209,
                    0.04203,
                    0.39072,
                    -0.07552,
                    0.36676,
                    -0.15449,
                    -0.08606,
                    0.15581,
                    0.0007,
                    0.178,
                    -0.15358,
                    0.09,
                    -0.14122,
                    0.10838
                  ]
                },
                {
                  "time": 0.3333
                }
              ]
            }
          }
        }
      }
    }
  },
  "_atlasText": "\nhd.png\nsize: 198,196\nformat: RGBA8888\nfilter: Linear,Linear\nrepeat: none\n1\n  rotate: false\n  xy: 2, 2\n  size: 194, 192\n  orig: 194, 192\n  offset: 0, 0\n  index: -1\n",
  "textures": [
    {
      "__uuid__": "181c79d8-81de-4dd0-b15a-95e61dc7df4b"
    }
  ],
  "textureNames": [
    "hd.png"
  ],
  "scale": 1
}