{
  "__type__": "cc.AnimationClip",
  "_name": "MainClip",
  "_objFlags": 0,
  "_native": "",
  "_duration": 30.083333333333332,
  "sample": 60,
  "speed": 1,
  "wrapMode": 1,
  "curveData": {
    "paths": {
      "third/talk": {
        "comps": {
          "cc.Sprite": {
            "spriteFrame": [
              {
                "frame": 5.083333333333333,
                "value": {
                  "__uuid__": "86c45f00-c61f-4365-9d77-37e2ba513725"
                }
              },
              {
                "frame": 5.25,
                "value": {
                  "__uuid__": "f5babd11-3b45-4131-b900-86eefe750047"
                }
              },
              {
                "frame": 5.416666666666667,
                "value": {
                  "__uuid__": "164de7d4-f567-4171-bd0f-5ed56bb4c696"
                }
              },
              {
                "frame": 5.583333333333333,
                "value": {
                  "__uuid__": "c44767cc-fdca-4377-bbc4-121b2ded1b4c"
                }
              },
              {
                "frame": 5.75,
                "value": {
                  "__uuid__": "1661d93f-beb2-4cad-a8a2-3f6cd2328692"
                }
              },
              {
                "frame": 5.916666666666667,
                "value": {
                  "__uuid__": "d3f9cdc0-9358-4aac-bc81-66c3e5b648bc"
                }
              }
            ]
          }
        },
        "props": {}
      },
      "fourth/school": {
        "comps": {
          "cc.Sprite": {
            "spriteFrame": [
              {
                "frame": 7.333333333333333,
                "value": {
                  "__uuid__": "beb5f33b-86f3-4896-a83d-7d118d17c7be"
                }
              },
              {
                "frame": 7.45,
                "value": {
                  "__uuid__": "051889f1-d681-4544-b6cc-c53edc1f93c5"
                }
              },
              {
                "frame": 7.55,
                "value": {
                  "__uuid__": "d9398bb6-494c-4d62-85ff-b757d8ee71da"
                }
              },
              {
                "frame": 7.716666666666667,
                "value": {
                  "__uuid__": "64c6aaeb-6cc9-4b34-be85-1dfa6d093d85"
                }
              },
              {
                "frame": 7.883333333333334,
                "value": {
                  "__uuid__": "d9398bb6-494c-4d62-85ff-b757d8ee71da"
                }
              },
              {
                "frame": 8.05,
                "value": {
                  "__uuid__": "64c6aaeb-6cc9-4b34-be85-1dfa6d093d85"
                }
              },
              {
                "frame": 8.216666666666667,
                "value": {
                  "__uuid__": "d9398bb6-494c-4d62-85ff-b757d8ee71da"
                }
              },
              {
                "frame": 8.383333333333333,
                "value": {
                  "__uuid__": "64c6aaeb-6cc9-4b34-be85-1dfa6d093d85"
                }
              },
              {
                "frame": 8.55,
                "value": {
                  "__uuid__": "d9398bb6-494c-4d62-85ff-b757d8ee71da"
                }
              }
            ]
          }
        },
        "props": {}
      },
      "first/smoke": {
        "comps": {
          "cc.Sprite": {
            "spriteFrame": [
              {
                "frame": 1.5833333333333333,
                "value": {
                  "__uuid__": "2d8c942c-f646-4281-a2db-e9f0082170e4"
                }
              },
              {
                "frame": 1.75,
                "value": {
                  "__uuid__": "9afc8403-0b65-428b-b903-99049bb3caf5"
                }
              },
              {
                "frame": 1.9166666666666667,
                "value": {
                  "__uuid__": "7f34500c-6fe9-4e69-9e9e-671966ed5649"
                }
              },
              {
                "frame": 2.0833333333333335,
                "value": {
                  "__uuid__": "d4e185fc-8edc-443c-a9c2-c6ccc41fd109"
                }
              },
              {
                "frame": 2.25,
                "value": {
                  "__uuid__": "56ef9869-b8cf-47d0-9867-bf344b947b81"
                }
              },
              {
                "frame": 2.4166666666666665,
                "value": {
                  "__uuid__": "8b7e8d78-4ce4-4017-a03f-8e1781ee12b7"
                }
              },
              {
                "frame": 2.5833333333333335,
                "value": {
                  "__uuid__": "67effe24-747d-4f34-999d-8309493dff2c"
                }
              },
              {
                "frame": 2.75,
                "value": {
                  "__uuid__": "67a552ea-989d-4031-806f-a1e3c737ca69"
                }
              },
              {
                "frame": 2.9166666666666665,
                "value": {
                  "__uuid__": "4b1daa28-ea9a-46f8-b677-517e5c2e17ac"
                }
              },
              {
                "frame": 3.0833333333333335,
                "value": {
                  "__uuid__": "59fa5b10-acdf-465c-9342-38fa3bc34b07"
                }
              }
            ]
          }
        }
      },
      "eight/bicycle": {
        "comps": {
          "cc.Sprite": {
            "spriteFrame": [
              {
                "frame": 18.166666666666668,
                "value": {
                  "__uuid__": "9b0699ac-9abe-46ec-9f83-1a3b3c5cbcf1"
                }
              },
              {
                "frame": 18.333333333333332,
                "value": {
                  "__uuid__": "10822911-0502-4daf-95f3-688453380d70"
                }
              },
              {
                "frame": 18.5,
                "value": {
                  "__uuid__": "01d5a49f-f942-4e2a-b21b-b2c149112cdb"
                }
              },
              {
                "frame": 18.666666666666668,
                "value": {
                  "__uuid__": "acbf7f6c-505e-415a-9b29-b2b087fe9c3b"
                }
              },
              {
                "frame": 18.833333333333332,
                "value": {
                  "__uuid__": "f3b79c58-40f6-40f4-91db-3cec1914a5cf"
                }
              },
              {
                "frame": 19,
                "value": {
                  "__uuid__": "480be3b0-d7f6-44fa-9a72-22e780d8086e"
                }
              },
              {
                "frame": 19.166666666666668,
                "value": {
                  "__uuid__": "722b80b9-ab27-4120-b3ac-2d7f16c5e5b5"
                }
              },
              {
                "frame": 19.333333333333332,
                "value": {
                  "__uuid__": "44980a0d-1400-4984-b9f3-a19e6c987401"
                }
              },
              {
                "frame": 19.5,
                "value": {
                  "__uuid__": "48c93c53-b79a-4dd7-b13a-a90c9a227728"
                }
              },
              {
                "frame": 19.666666666666668,
                "value": {
                  "__uuid__": "bf892f94-f65f-4475-a921-8668dd9203c5"
                }
              },
              {
                "frame": 19.833333333333332
              }
            ]
          }
        }
      },
      "ten/line": {
        "comps": {
          "cc.Sprite": {
            "spriteFrame": [
              {
                "frame": 23.916666666666668,
                "value": {
                  "__uuid__": "1b568b76-ae46-4b55-943f-90b2f4145c4e"
                }
              },
              {
                "frame": 23.966666666666665,
                "value": {
                  "__uuid__": "de839fbf-340b-4b34-8528-d6e081967285"
                }
              },
              {
                "frame": 24.016666666666666,
                "value": {
                  "__uuid__": "a7100301-e16e-488a-a493-dc89e9792fcb"
                }
              },
              {
                "frame": 24.066666666666666,
                "value": {
                  "__uuid__": "12be9cf1-3381-4767-b167-1a2175aacd1a"
                }
              },
              {
                "frame": 24.116666666666667,
                "value": {
                  "__uuid__": "aa797dba-5c43-40cf-986b-9468b3f622af"
                }
              },
              {
                "frame": 24.166666666666668,
                "value": {
                  "__uuid__": "0292f9e4-afaf-4b81-b46f-2d79d9367886"
                }
              },
              {
                "frame": 24.216666666666665,
                "value": {
                  "__uuid__": "42d995d0-34f9-48dd-8bc1-2f52f2af037f"
                }
              },
              {
                "frame": 24.266666666666666,
                "value": {
                  "__uuid__": "7c4e2928-bf12-4eb2-8a45-4f92bed0f276"
                }
              },
              {
                "frame": 24.316666666666666,
                "value": {
                  "__uuid__": "4615cdb1-6be2-4b26-8953-9799b8d3533e"
                }
              },
              {
                "frame": 24.366666666666667,
                "value": {
                  "__uuid__": "3387db50-210b-442c-b861-ea4a56a34f2c"
                }
              },
              {
                "frame": 24.416666666666668,
                "value": {
                  "__uuid__": "86f79a15-4b59-46ef-8016-d0eded7e781f"
                }
              },
              {
                "frame": 24.466666666666665,
                "value": {
                  "__uuid__": "f499ab78-7bbd-4fd3-af14-1abff09a2ea1"
                }
              },
              {
                "frame": 24.516666666666666,
                "value": {
                  "__uuid__": "e6319aae-33b0-4495-9798-9a8d38df5ad3"
                }
              },
              {
                "frame": 24.566666666666666,
                "value": {
                  "__uuid__": "7eb214a0-9c16-47ce-b811-88373d3b44ca"
                }
              },
              {
                "frame": 24.616666666666667,
                "value": {
                  "__uuid__": "f1307d91-6217-4930-8aa7-37bd54b3b948"
                }
              },
              {
                "frame": 24.666666666666668,
                "value": {
                  "__uuid__": "4dbaa2da-452d-4ed1-9db0-11c26facbec8"
                }
              },
              {
                "frame": 24.716666666666665,
                "value": {
                  "__uuid__": "890b31ab-ddf7-4b6e-96b8-464c239b386b"
                }
              },
              {
                "frame": 24.766666666666666,
                "value": {
                  "__uuid__": "7887af72-2da9-4b25-9733-9bf5280e9198"
                }
              },
              {
                "frame": 24.816666666666666,
                "value": {
                  "__uuid__": "a72f5162-729a-4005-bed0-0c88370072fa"
                }
              },
              {
                "frame": 24.866666666666667,
                "value": {
                  "__uuid__": "d33ad147-4f01-49c0-8ed9-66c4e1790fc8"
                }
              },
              {
                "frame": 24.916666666666668,
                "value": {
                  "__uuid__": "e8dbdce8-9eac-4b4c-98b2-d98c35c6954f"
                }
              }
            ]
          }
        }
      },
      "eleven/air": {
        "comps": {
          "cc.Sprite": {
            "spriteFrame": []
          }
        }
      },
      "six/text": {
        "props": {
          "opacity": [
            {
              "frame": 13,
              "value": 0
            },
            {
              "frame": 15,
              "value": 255
            }
          ]
        }
      },
      "second/New Sprite": {
        "props": {
          "opacity": [
            {
              "frame": 2,
              "value": 0
            },
            {
              "frame": 3.1666666666666665,
              "value": 255
            }
          ]
        }
      },
      "third/New Sprite": {
        "props": {
          "opacity": [
            {
              "frame": 5.166666666666667,
              "value": 0
            },
            {
              "frame": 5.75,
              "value": 255
            }
          ]
        }
      },
      "fifth/New Sprite": {
        "props": {
          "opacity": [
            {
              "frame": 10,
              "value": 0
            },
            {
              "frame": 11.016666666666667,
              "value": 255
            }
          ]
        }
      },
      "nine/New Sprite": {
        "props": {
          "opacity": [
            {
              "frame": 22,
              "value": 0
            },
            {
              "frame": 22.833333333333332,
              "value": 255
            }
          ]
        }
      },
      "twelve/New Sprite": {
        "comps": {},
        "props": {
          "opacity": [
            {
              "frame": 29,
              "value": 0
            },
            {
              "frame": 30,
              "value": 255
            }
          ]
        }
      },
      "seven/New Sprite": {
        "props": {
          "opacity": [
            {
              "frame": 15.65,
              "value": 0
            },
            {
              "frame": 17.666666666666668,
              "value": 255
            }
          ]
        }
      },
      "ten/New Sprite": {
        "props": {
          "opacity": [
            {
              "frame": 25.033333333333335,
              "value": 0
            },
            {
              "frame": 26.183333333333334,
              "value": 255
            }
          ]
        }
      },
      "ten/text": {
        "props": {
          "opacity": [
            {
              "frame": 24.016666666666666,
              "value": 0
            },
            {
              "frame": 24.983333333333334,
              "value": 255
            }
          ]
        }
      },
      "ten/cloud1": {
        "props": {
          "y": [
            {
              "frame": 24.016666666666666,
              "value": -200
            },
            {
              "frame": 24.8,
              "value": -30
            }
          ]
        }
      },
      "ten/cloud2": {
        "props": {
          "y": [
            {
              "frame": 24.016666666666666,
              "value": -150
            },
            {
              "frame": 25,
              "value": -300
            }
          ]
        }
      },
      "eleven/plant": {
        "props": {
          "position": [
            {
              "frame": 26.5,
              "value": [
                -582,
                310,
                0
              ],
              "curve": "linear"
            },
            {
              "frame": 28.833333333333332,
              "value": [
                760.92,
                -2979.584,
                0
              ]
            }
          ]
        }
      },
      "eleven/air1": {
        "props": {
          "position": [
            {
              "frame": 26.5,
              "value": [
                105.052,
                1,
                0
              ]
            }
          ]
        }
      },
      "eleven/air5": {
        "props": {
          "position": [
            {
              "frame": 26.75,
              "value": [
                -206.105,
                -424.022,
                0
              ]
            },
            {
              "frame": 27.25,
              "value": [
                -86.221,
                -331.453,
                0
              ]
            }
          ],
          "angle": [
            {
              "frame": 26.75,
              "value": 0,
              "curve": "cubicOut"
            },
            {
              "frame": 27.233333333333334,
              "value": 20
            }
          ]
        }
      },
      "eleven/air3": {
        "props": {
          "angle": [
            {
              "frame": 26.916666666666668,
              "value": -10
            }
          ],
          "position": [
            {
              "frame": 26.916666666666668,
              "value": [
                -53.322,
                -705.811,
                0
              ],
              "curve": "cubicOut"
            },
            {
              "frame": 27.7,
              "value": [
                141.916,
                -631.166,
                0
              ]
            }
          ]
        }
      },
      "eleven/air2": {
        "props": {
          "position": [
            {
              "frame": 27.15,
              "value": [
                31.191,
                -1190.146,
                0
              ]
            },
            {
              "frame": 27.783333333333335,
              "value": [
                254.146,
                -967.795,
                0
              ]
            }
          ],
          "angle": [
            {
              "frame": 27.15,
              "value": 0,
              "curve": "cubicOut"
            }
          ]
        }
      },
      "eleven/air4": {
        "props": {
          "angle": [
            {
              "frame": 27.333333333333332,
              "value": 19
            },
            {
              "frame": 27.533333333333335,
              "value": 19,
              "curve": "cubicOut"
            },
            {
              "frame": 27.716666666666665,
              "value": 16
            }
          ],
          "position": [
            {
              "frame": 27.416666666666668,
              "value": [
                159.561,
                -1381.186,
                0
              ],
              "curve": "cubicOut"
            },
            {
              "frame": 27.716666666666665,
              "value": [
                295.949,
                -1222.993,
                0
              ]
            }
          ]
        }
      },
      "third/nongCloud1": {
        "props": {
          "position": [
            {
              "frame": 3.6666666666666665,
              "value": [
                294.84,
                65,
                0
              ]
            },
            {
              "frame": 4.166666666666667,
              "value": [
                294.84,
                81.922,
                0
              ]
            },
            {
              "frame": 4.666666666666667,
              "value": [
                294.84,
                48.146,
                0
              ]
            },
            {
              "frame": 5.116666666666666,
              "value": [
                294.84,
                81.922,
                0
              ]
            },
            {
              "frame": 5.833333333333333,
              "value": [
                294.84,
                48.146,
                0
              ]
            }
          ]
        }
      },
      "third/nongCloud6": {
        "props": {
          "position": [
            {
              "frame": 6.333333333333333,
              "value": [
                321.69,
                -1593.668,
                0
              ]
            },
            {
              "frame": 6.466666666666667,
              "value": [
                321.69,
                -1628.915,
                0
              ]
            },
            {
              "frame": 7.5,
              "value": [
                321.69,
                -1667.019,
                0
              ]
            },
            {
              "frame": 8.5,
              "value": [
                321.69,
                -1691.82,
                0
              ]
            }
          ]
        }
      },
      "third/nongCloud3": {
        "props": {
          "position": [
            {
              "frame": 6.833333333333333,
              "value": [
                243.64,
                -1864.717,
                0
              ]
            },
            {
              "frame": 7.683333333333334,
              "value": [
                243.64,
                -1936.223,
                0
              ]
            },
            {
              "frame": 8.5,
              "value": [
                243.64,
                -1844.478,
                0
              ]
            }
          ]
        }
      },
      "fifth/carSmall1": {
        "props": {
          "position": [
            {
              "frame": 12.5,
              "value": [
                -509.232,
                -2643.889,
                0
              ]
            },
            {
              "frame": 12.75,
              "value": [
                -373.673,
                -2578.25,
                0
              ]
            },
            {
              "frame": 13,
              "value": [
                -236.996,
                -2558.257,
                0
              ]
            },
            {
              "frame": 13.25,
              "value": [
                -105.105,
                -2512.979,
                0
              ]
            },
            {
              "frame": 13.5,
              "value": [
                12.399,
                -2454.841,
                0
              ]
            },
            {
              "frame": 13.75,
              "value": [
                117.136,
                -2373.599,
                0
              ]
            },
            {
              "frame": 13.883333333333333,
              "value": [
                163.824,
                -2320.999,
                0
              ]
            },
            {
              "frame": 14,
              "value": [
                200.713,
                -2268.532,
                0
              ]
            },
            {
              "frame": 14.166666666666666,
              "value": [
                247.831,
                -2192.959,
                0
              ]
            }
          ],
          "scale": [
            {
              "frame": 12.5,
              "value": {
                "__type__": "cc.Vec2",
                "x": 1,
                "y": 1
              }
            },
            {
              "frame": 14.166666666666666,
              "value": {
                "__type__": "cc.Vec2",
                "x": 0.1,
                "y": 0.1
              }
            }
          ],
          "angle": [
            {
              "frame": 12.75,
              "value": -20
            },
            {
              "frame": 13.25,
              "value": -5
            }
          ]
        }
      },
      "fifth/carSmall2": {
        "props": {
          "position": [
            {
              "frame": 12.75,
              "value": [
                -506.662,
                -2665.993,
                0
              ]
            },
            {
              "frame": 13,
              "value": [
                -362.745,
                -2636.531,
                0
              ]
            },
            {
              "frame": 13.25,
              "value": [
                -222.824,
                -2607.859,
                0
              ]
            },
            {
              "frame": 13.5,
              "value": [
                -87.39,
                -2548.409,
                0
              ]
            },
            {
              "frame": 13.75,
              "value": [
                31.399,
                -2470.841,
                0
              ]
            },
            {
              "frame": 14,
              "value": [
                125.875,
                -2381.824,
                0
              ]
            },
            {
              "frame": 14.133333333333333,
              "value": [
                168.052,
                -2325.756,
                0
              ]
            },
            {
              "frame": 14.25,
              "value": [
                202.479,
                -2270.026,
                0
              ]
            },
            {
              "frame": 14.416666666666666,
              "value": [
                224.761,
                -2218.205,
                0
              ]
            }
          ],
          "scale": [
            {
              "frame": 12.75,
              "value": {
                "__type__": "cc.Vec2",
                "x": 1,
                "y": 1
              }
            },
            {
              "frame": 14.416666666666666,
              "value": {
                "__type__": "cc.Vec2",
                "x": 0.1,
                "y": 0.1
              }
            }
          ],
          "angle": [
            {
              "frame": 12.75,
              "value": 0
            },
            {
              "frame": 13,
              "value": -30
            },
            {
              "frame": 13.5,
              "value": -5
            }
          ]
        }
      },
      "first/spineButter": {
        "props": {
          "position": [
            {
              "frame": 0,
              "value": [
                -68,
                -165.264,
                0
              ]
            },
            {
              "frame": 0.5,
              "value": [
                -249.411,
                -601.519,
                0
              ]
            },
            {
              "frame": 0.8333333333333334,
              "value": [
                -159.812,
                -1042.62,
                0
              ]
            }
          ],
          "angle": [
            {
              "frame": 0,
              "value": -150
            },
            {
              "frame": 0.5,
              "value": -170
            },
            {
              "frame": 0.5833333333333334,
              "value": -155
            },
            {
              "frame": 0.6166666666666667,
              "value": -145
            },
            {
              "frame": 0.75,
              "value": -120
            }
          ]
        }
      },
      "swallow": {
        "props": {
          "position": [
            {
              "frame": 1.8833333333333333,
              "value": [
                640,
                -1535
              ],
              "motionPath": []
            },
            {
              "frame": 2.8833333333333333,
              "value": [
                165.768,
                -2421.226,
                0
              ]
            },
            {
              "frame": 3.25,
              "value": [
                200.1,
                -2612.5
              ],
              "motionPath": []
            },
            {
              "frame": 4.5,
              "value": [
                97,
                -3962
              ],
              "motionPath": []
            },
            {
              "frame": 5.183333333333334,
              "value": [
                295,
                -4601
              ],
              "motionPath": []
            },
            {
              "frame": 5.833333333333333,
              "value": [
                662,
                -5194
              ],
              "motionPath": []
            },
            {
              "frame": 6.833333333333333,
              "value": [
                247,
                -5768
              ],
              "motionPath": []
            },
            {
              "frame": 7.5,
              "value": [
                -112,
                -6375
              ],
              "motionPath": []
            },
            {
              "frame": 7.833333333333333,
              "value": [
                196,
                -6944
              ],
              "motionPath": []
            },
            {
              "frame": 9.5,
              "value": [
                226,
                -7859
              ],
              "motionPath": []
            },
            {
              "frame": 11,
              "value": [
                121,
                -8903
              ],
              "motionPath": []
            },
            {
              "frame": 12.15,
              "value": [
                110,
                -9755
              ],
              "motionPath": []
            },
            {
              "frame": 14,
              "value": [
                110,
                -10565
              ],
              "motionPath": []
            },
            {
              "frame": 15.333333333333334,
              "value": [
                134,
                -11399
              ],
              "motionPath": []
            },
            {
              "frame": 17.033333333333335,
              "value": [
                555,
                -13157
              ],
              "motionPath": []
            },
            {
              "frame": 18.666666666666668,
              "value": [
                233,
                -14152
              ],
              "motionPath": []
            },
            {
              "frame": 20.5,
              "value": [
                228,
                -15126
              ],
              "motionPath": []
            },
            {
              "frame": 22.5,
              "value": [
                179,
                -16742
              ],
              "motionPath": []
            },
            {
              "frame": 23.016666666666666,
              "value": [
                79,
                -17348
              ],
              "motionPath": [
                [
                  537,
                  -17997,
                  513,
                  -17964,
                  628,
                  -18122
                ]
              ]
            },
            {
              "frame": 24.166666666666668,
              "value": [
                603,
                -18074
              ],
              "motionPath": []
            }
          ],
          "angle": [
            {
              "frame": 2.8833333333333333,
              "value": 0
            },
            {
              "frame": 2.9166666666666665,
              "value": 30
            },
            {
              "frame": 3.25,
              "value": 30
            },
            {
              "frame": 3.283333333333333,
              "value": 20
            },
            {
              "frame": 3.816666666666667,
              "value": 30
            },
            {
              "frame": 4.5,
              "value": 30
            },
            {
              "frame": 4.533333333333333,
              "value": 50
            },
            {
              "frame": 6.166666666666667,
              "value": 50
            },
            {
              "frame": 6.5,
              "value": -20
            },
            {
              "frame": 7.5,
              "value": -20
            },
            {
              "frame": 7.533333333333333,
              "value": 40
            },
            {
              "frame": 7.833333333333333,
              "value": 40
            },
            {
              "frame": 7.85,
              "value": 20
            },
            {
              "frame": 9.5,
              "value": 20
            },
            {
              "frame": 9.516666666666667,
              "value": 0
            },
            {
              "frame": 11,
              "value": 0
            },
            {
              "frame": 11.166666666666666,
              "value": 30
            },
            {
              "frame": 15.333333333333334,
              "value": 30
            },
            {
              "frame": 15.433333333333334,
              "value": 50
            },
            {
              "frame": 17.033333333333335,
              "value": 50
            },
            {
              "frame": 17.05,
              "value": 0
            },
            {
              "frame": 18.666666666666668,
              "value": 0
            },
            {
              "frame": 18.7,
              "value": 25
            },
            {
              "frame": 22.5,
              "value": 25
            },
            {
              "frame": 22.533333333333335,
              "value": 0
            },
            {
              "frame": 23.016666666666666,
              "value": 0
            },
            {
              "frame": 23.05,
              "value": 50
            }
          ]
        }
      },
      "nine/text": {
        "comps": {},
        "props": {
          "opacity": [
            {
              "frame": 19.166666666666668,
              "value": 0
            },
            {
              "frame": 19.4,
              "value": 255
            }
          ]
        }
      },
      "eleven/air10": {
        "props": {
          "position": [
            {
              "frame": 26.783333333333335,
              "value": [
                130.647,
                -722.044,
                0
              ]
            },
            {
              "frame": 27.483333333333334,
              "value": [
                141.916,
                -631.166,
                0
              ]
            }
          ]
        }
      },
      "eleven/air6": {
        "props": {
          "position": [
            {
              "frame": 26.883333333333333,
              "value": [
                -179.794,
                -997.491,
                0
              ]
            },
            {
              "frame": 27.233333333333334,
              "value": [
                -456.708,
                -1066.771,
                0
              ]
            }
          ]
        }
      },
      "eleven/air9": {
        "props": {
          "position": [
            {
              "frame": 27.25,
              "value": [
                -186.245,
                -1316.69,
                0
              ]
            },
            {
              "frame": 27.95,
              "value": [
                -406.421,
                -1524.466,
                0
              ]
            }
          ]
        }
      },
      "eleven/air12": {
        "props": {
          "position": [
            {
              "frame": 27.483333333333334,
              "value": [
                -34.403,
                -1738.803,
                0
              ]
            },
            {
              "frame": 28.183333333333334,
              "value": [
                -388.509,
                -1774.079,
                0
              ]
            }
          ]
        }
      },
      "eleven/air11": {
        "props": {
          "position": [
            {
              "frame": 27.416666666666668,
              "value": [
                119.405,
                -1644.672,
                0
              ]
            },
            {
              "frame": 28.116666666666667,
              "value": [
                -488.349,
                -1784.25,
                0
              ]
            }
          ]
        }
      },
      "eleven/air13": {
        "props": {
          "position": [
            {
              "frame": 27.4,
              "value": [
                119.405,
                -1644.672,
                0
              ]
            },
            {
              "frame": 28.116666666666667,
              "value": [
                440.21,
                -1395.21,
                0
              ]
            }
          ]
        }
      },
      "eleven/air18": {
        "props": {
          "position": [
            {
              "frame": 26.766666666666666,
              "value": [
                -178.394,
                -781.979,
                0
              ]
            },
            {
              "frame": 27.483333333333334,
              "value": [
                -314.657,
                -794.367,
                0
              ]
            }
          ]
        }
      },
      "eleven/air14": {
        "props": {
          "position": [
            {
              "frame": 27.183333333333334,
              "value": [
                198.349,
                -1010.891,
                0
              ]
            },
            {
              "frame": 27.566666666666666,
              "value": [
                305.897,
                -536.08,
                0
              ]
            }
          ]
        }
      },
      "eleven/air17": {
        "props": {
          "position": [
            {
              "frame": 27.283333333333335,
              "value": [
                66.386,
                -1040.746,
                0
              ]
            },
            {
              "frame": 27.966666666666665,
              "value": [
                193.899,
                -915.394,
                0
              ]
            }
          ]
        }
      },
      "eleven/air16": {
        "props": {
          "position": [
            {
              "frame": 27.35,
              "value": [
                -64.421,
                -1351.843,
                0
              ]
            },
            {
              "frame": 28,
              "value": [
                -486.03,
                -1577.993,
                0
              ]
            }
          ]
        }
      },
      "eleven/air20": {
        "props": {
          "position": [
            {
              "frame": 27.666666666666668,
              "value": [
                263.508,
                -1641.435,
                0
              ]
            },
            {
              "frame": 28.183333333333334,
              "value": [
                531.658,
                -1471.822,
                0
              ]
            }
          ]
        }
      }
    },
    "props": {
      "position": [
        {
          "frame": 0,
          "value": [
            0,
            812,
            0
          ]
        },
        {
          "frame": 30,
          "value": [
            0,
            22800,
            0
          ]
        },
        {
          "frame": 30.083333333333332,
          "value": [
            0,
            22550,
            0
          ]
        }
      ]
    }
  },
  "events": []
}