{
  "__type__": "cc.AnimationClip",
  "_name": "introduction",
  "_objFlags": 0,
  "_native": "",
  "_duration": 1.6666666666666667,
  "sample": 60,
  "speed": 1,
  "wrapMode": 1,
  "curveData": {
    "props": {
      "x": []
    },
    "paths": {
      "text1": {
        "props": {
          "x": [
            {
              "frame": 0,
              "value": 538.862
            },
            {
              "frame": 0.6666666666666666,
              "value": 21.587
            }
          ]
        }
      },
      "text2": {
        "props": {
          "x": [
            {
              "frame": 0.3333333333333333,
              "value": 543.586
            },
            {
              "frame": 1,
              "value": -26.328
            }
          ]
        }
      },
      "text3": {
        "props": {
          "x": [
            {
              "frame": 0.6666666666666666,
              "value": 517.604
            },
            {
              "frame": 1.3333333333333333,
              "value": 26.728
            }
          ]
        }
      },
      "text4": {
        "props": {
          "x": [
            {
              "frame": 1,
              "value": 542.405
            },
            {
              "frame": 1.6666666666666667,
              "value": -7
            }
          ]
        }
      }
    }
  },
  "events": []
}