{
  "__type__": "cc.AnimationClip",
  "_name": "cat",
  "_objFlags": 0,
  "_native": "",
  "_duration": 2,
  "sample": 60,
  "speed": 1,
  "wrapMode": 2,
  "curveData": {
    "props": {
      "position": [
        {
          "frame": 0,
          "value": [
            196.806,
            42.078,
            0
          ]
        },
        {
          "frame": 0.6666666666666666,
          "value": [
            194.328,
            44.386,
            0
          ]
        },
        {
          "frame": 1.3333333333333333,
          "value": [
            198.645,
            40.587,
            0
          ]
        },
        {
          "frame": 2,
          "value": [
            196.806,
            42.078,
            0
          ]
        }
      ]
    }
  },
  "events": []
}